Ticket #ID,Începând de la a câta piesa este linie?,Începând de la a câta piesă este Bingo?,Song 1,Song 2,Song 3,Song 4,Song 5,Song 6,Song 7,Song 8,Song 9
1,13,46,33. Time After Time,29. Crazy Little Thing Called Love,15. Hey Jude,18. Sweet Caroline (Live),8. Unchained Melody,46. Poison,2. Can't Help Falling in Love,13. Happy Together,9. When a Man Loves a Woman
2,30,46,11. Can't Take My Eyes Off You,17. I Say a Little Prayer,30. Just the Two of Us,38. Take on Me,22. Mamma Mia,41. Kiss,13. Happy Together,46. Poison,4. Be My Baby
3,37,40,10. Wouldn't It Be Nice,17. I Say a Little Prayer,39. Cheri Cheri Lady,37. I Just Called To Say I Love You,18. Sweet Caroline (Live),1. At Last,35. Still Loving You,40. Nothing's Gonna Change My Love for You,26. Wonderful Tonight
4,18,34,32. Total Eclipse of the Heart,9. When a Man Loves a Woman,1. At Last,13. Happy Together,15. Hey Jude,34. Smooth Operator,2. Can't Help Falling in Love,18. Sweet Caroline (Live),4. Be My Baby
5,14,41,6. Everybody Loves Somebody,12. What a Wonderful World,14. Ain't No Mountain High Enough,34. Smooth Operator,21. Burning Love,9. When a Man Loves a Woman,17. I Say a Little Prayer,41. Kiss,22. Mamma Mia
6,27,40,25. Don't Go Breaking My Heart,17. I Say a Little Prayer,27. More Than a Woman,40. Nothing's Gonna Change My Love for You,33. Time After Time,37. I Just Called To Say I Love You,34. Smooth Operator,6. Everybody Loves Somebody,23. Fernando
7,28,39,18. Sweet Caroline (Live),32. Total Eclipse of the Heart,31. Every Breath You Take,28. You're the One That I Want,26. Wonderful Tonight,1. At Last,10. Wouldn't It Be Nice,2. Can't Help Falling in Love,39. Cheri Cheri Lady
8,21,36,29. Crazy Little Thing Called Love,36. Purple Rain,27. More Than a Woman,18. Sweet Caroline (Live),26. Wonderful Tonight,28. You're the One That I Want,21. Burning Love,15. Hey Jude,8. Unchained Melody
9,26,45,10. Wouldn't It Be Nice,26. Wonderful Tonight,23. Fernando,43. (I've Had) The Time of My Life,14. Ain't No Mountain High Enough,32. Total Eclipse of the Heart,45. I Just Can't Stop Loving You,38. Take on Me,37. I Just Called To Say I Love You
10,16,45,31. Every Breath You Take,35. Still Loving You,16. Dream a Little Dream of Me,41. Kiss,44. The Way You Make Me Feel,12. What a Wonderful World,45. I Just Can't Stop Loving You,22. Mamma Mia,7. LOVE
11,12,45,19. Imagine,26. Wonderful Tonight,42. I Wanna Dance with Somebody,20. Ain't No Sunshine,45. I Just Can't Stop Loving You,24. Somebody To Love,12. What a Wonderful World,10. Wouldn't It Be Nice,"5. Oh, Pretty Woman "
12,21,35,12. What a Wonderful World,26. Wonderful Tonight,32. Total Eclipse of the Heart,35. Still Loving You,28. You're the One That I Want,33. Time After Time,2. Can't Help Falling in Love,1. At Last,21. Burning Love
13,31,46,34. Smooth Operator,46. Poison,39. Cheri Cheri Lady,19. Imagine,4. Be My Baby,40. Nothing's Gonna Change My Love for You,21. Burning Love,31. Every Breath You Take,29. Crazy Little Thing Called Love
14,20,39,14. Ain't No Mountain High Enough,20. Ain't No Sunshine,6. Everybody Loves Somebody,26. Wonderful Tonight,32. Total Eclipse of the Heart,7. LOVE,21. Burning Love,27. More Than a Woman,39. Cheri Cheri Lady
15,27,45,27. More Than a Woman,16. Dream a Little Dream of Me,30. Just the Two of Us,2. Can't Help Falling in Love,29. Crazy Little Thing Called Love,12. What a Wonderful World,21. Burning Love,41. Kiss,45. I Just Can't Stop Loving You
16,30,38,4. Be My Baby,13. Happy Together,38. Take on Me,37. I Just Called To Say I Love You,34. Smooth Operator,18. Sweet Caroline (Live),"5. Oh, Pretty Woman ",10. Wouldn't It Be Nice,30. Just the Two of Us
17,26,38,38. Take on Me,9. When a Man Loves a Woman,2. Can't Help Falling in Love,33. Time After Time,4. Be My Baby,26. Wonderful Tonight,34. Smooth Operator,29. Crazy Little Thing Called Love,8. Unchained Melody
18,21,46,21. Burning Love,13. Happy Together,"5. Oh, Pretty Woman ",30. Just the Two of Us,27. More Than a Woman,44. The Way You Make Me Feel,46. Poison,29. Crazy Little Thing Called Love,36. Purple Rain
19,18,46,9. When a Man Loves a Woman,11. Can't Take My Eyes Off You,18. Sweet Caroline (Live),8. Unchained Melody,29. Crazy Little Thing Called Love,27. More Than a Woman,19. Imagine,10. Wouldn't It Be Nice,46. Poison
20,25,46,17. I Say a Little Prayer,26. Wonderful Tonight,10. Wouldn't It Be Nice,16. Dream a Little Dream of Me,4. Be My Baby,25. Don't Go Breaking My Heart,46. Poison,6. Everybody Loves Somebody,28. You're the One That I Want
21,41,44,15. Hey Jude,17. I Say a Little Prayer,44. The Way You Make Me Feel,21. Burning Love,41. Kiss,38. Take on Me,43. (I've Had) The Time of My Life,19. Imagine,2. Can't Help Falling in Love
22,19,44,16. Dream a Little Dream of Me,39. Cheri Cheri Lady,26. Wonderful Tonight,41. Kiss,3. Stand By Me,44. The Way You Make Me Feel,18. Sweet Caroline (Live),8. Unchained Melody,19. Imagine
23,29,43,23. Fernando,"5. Oh, Pretty Woman ",41. Kiss,11. Can't Take My Eyes Off You,31. Every Breath You Take,9. When a Man Loves a Woman,29. Crazy Little Thing Called Love,27. More Than a Woman,43. (I've Had) The Time of My Life
24,34,46,19. Imagine,45. I Just Can't Stop Loving You,33. Time After Time,21. Burning Love,34. Smooth Operator,30. Just the Two of Us,43. (I've Had) The Time of My Life,8. Unchained Melody,46. Poison
25,24,45,21. Burning Love,34. Smooth Operator,20. Ain't No Sunshine,26. Wonderful Tonight,45. I Just Can't Stop Loving You,11. Can't Take My Eyes Off You,37. I Just Called To Say I Love You,8. Unchained Melody,24. Somebody To Love
26,24,37,23. Fernando,24. Somebody To Love,13. Happy Together,4. Be My Baby,2. Can't Help Falling in Love,32. Total Eclipse of the Heart,36. Purple Rain,37. I Just Called To Say I Love You,29. Crazy Little Thing Called Love
27,25,42,25. Don't Go Breaking My Heart,42. I Wanna Dance with Somebody,26. Wonderful Tonight,6. Everybody Loves Somebody,"5. Oh, Pretty Woman ",40. Nothing's Gonna Change My Love for You,17. I Say a Little Prayer,28. You're the One That I Want,1. At Last
28,22,37,12. What a Wonderful World,22. Mamma Mia,19. Imagine,24. Somebody To Love,15. Hey Jude,27. More Than a Woman,31. Every Breath You Take,37. I Just Called To Say I Love You,14. Ain't No Mountain High Enough
29,37,44,44. The Way You Make Me Feel,12. What a Wonderful World,17. I Say a Little Prayer,2. Can't Help Falling in Love,9. When a Man Loves a Woman,37. I Just Called To Say I Love You,24. Somebody To Love,42. I Wanna Dance with Somebody,15. Hey Jude
30,34,44,15. Hey Jude,43. (I've Had) The Time of My Life,44. The Way You Make Me Feel,34. Smooth Operator,2. Can't Help Falling in Love,7. LOVE,30. Just the Two of Us,42. I Wanna Dance with Somebody,21. Burning Love
31,20,41,32. Total Eclipse of the Heart,20. Ain't No Sunshine,34. Smooth Operator,22. Mamma Mia,1. At Last,21. Burning Love,27. More Than a Woman,16. Dream a Little Dream of Me,41. Kiss
32,13,37,13. Happy Together,"5. Oh, Pretty Woman ",1. At Last,32. Total Eclipse of the Heart,21. Burning Love,37. I Just Called To Say I Love You,27. More Than a Woman,26. Wonderful Tonight,9. When a Man Loves a Woman
33,20,37,37. I Just Called To Say I Love You,28. You're the One That I Want,23. Fernando,7. LOVE,20. Ain't No Sunshine,"5. Oh, Pretty Woman ",13. Happy Together,18. Sweet Caroline (Live),34. Smooth Operator
34,12,46,46. Poison,32. Total Eclipse of the Heart,7. LOVE,24. Somebody To Love,33. Time After Time,12. What a Wonderful World,16. Dream a Little Dream of Me,44. The Way You Make Me Feel,11. Can't Take My Eyes Off You
35,29,44,7. LOVE,28. You're the One That I Want,29. Crazy Little Thing Called Love,18. Sweet Caroline (Live),44. The Way You Make Me Feel,16. Dream a Little Dream of Me,36. Purple Rain,43. (I've Had) The Time of My Life,39. Cheri Cheri Lady
36,31,42,25. Don't Go Breaking My Heart,42. I Wanna Dance with Somebody,38. Take on Me,31. Every Breath You Take,13. Happy Together,11. Can't Take My Eyes Off You,32. Total Eclipse of the Heart,8. Unchained Melody,9. When a Man Loves a Woman
37,12,35,10. Wouldn't It Be Nice,1. At Last,21. Burning Love,14. Ain't No Mountain High Enough,12. What a Wonderful World,28. You're the One That I Want,23. Fernando,4. Be My Baby,35. Still Loving You
38,23,45,36. Purple Rain,28. You're the One That I Want,39. Cheri Cheri Lady,32. Total Eclipse of the Heart,8. Unchained Melody,45. I Just Can't Stop Loving You,18. Sweet Caroline (Live),23. Fernando,17. I Say a Little Prayer
39,37,46,46. Poison,30. Just the Two of Us,17. I Say a Little Prayer,16. Dream a Little Dream of Me,43. (I've Had) The Time of My Life,"5. Oh, Pretty Woman ",38. Take on Me,35. Still Loving You,37. I Just Called To Say I Love You
40,26,40,26. Wonderful Tonight,36. Purple Rain,37. I Just Called To Say I Love You,22. Mamma Mia,13. Happy Together,28. You're the One That I Want,23. Fernando,17. I Say a Little Prayer,40. Nothing's Gonna Change My Love for You
41,30,43,4. Be My Baby,19. Imagine,31. Every Breath You Take,43. (I've Had) The Time of My Life,32. Total Eclipse of the Heart,23. Fernando,1. At Last,9. When a Man Loves a Woman,30. Just the Two of Us
42,20,44,17. I Say a Little Prayer,14. Ain't No Mountain High Enough,22. Mamma Mia,32. Total Eclipse of the Heart,4. Be My Baby,36. Purple Rain,30. Just the Two of Us,20. Ain't No Sunshine,44. The Way You Make Me Feel
43,32,46,46. Poison,27. More Than a Woman,1. At Last,11. Can't Take My Eyes Off You,33. Time After Time,14. Ain't No Mountain High Enough,10. Wouldn't It Be Nice,41. Kiss,32. Total Eclipse of the Heart
44,12,44,44. The Way You Make Me Feel,12. What a Wonderful World,36. Purple Rain,32. Total Eclipse of the Heart,6. Everybody Loves Somebody,17. I Say a Little Prayer,43. (I've Had) The Time of My Life,8. Unchained Melody,41. Kiss
45,24,44,29. Crazy Little Thing Called Love,27. More Than a Woman,44. The Way You Make Me Feel,24. Somebody To Love,10. Wouldn't It Be Nice,1. At Last,6. Everybody Loves Somebody,17. I Say a Little Prayer,41. Kiss
46,17,45,45. I Just Can't Stop Loving You,16. Dream a Little Dream of Me,7. LOVE,18. Sweet Caroline (Live),43. (I've Had) The Time of My Life,32. Total Eclipse of the Heart,3. Stand By Me,17. I Say a Little Prayer,6. Everybody Loves Somebody
47,34,45,24. Somebody To Love,23. Fernando,42. I Wanna Dance with Somebody,36. Purple Rain,15. Hey Jude,37. I Just Called To Say I Love You,45. I Just Can't Stop Loving You,34. Smooth Operator,18. Sweet Caroline (Live)
48,18,40,12. What a Wonderful World,"5. Oh, Pretty Woman ",18. Sweet Caroline (Live),8. Unchained Melody,31. Every Breath You Take,3. Stand By Me,23. Fernando,7. LOVE,40. Nothing's Gonna Change My Love for You
49,26,42,42. I Wanna Dance with Somebody,38. Take on Me,4. Be My Baby,23. Fernando,20. Ain't No Sunshine,26. Wonderful Tonight,17. I Say a Little Prayer,10. Wouldn't It Be Nice,33. Time After Time
50,21,44,16. Dream a Little Dream of Me,43. (I've Had) The Time of My Life,36. Purple Rain,15. Hey Jude,38. Take on Me,"5. Oh, Pretty Woman ",21. Burning Love,37. I Just Called To Say I Love You,44. The Way You Make Me Feel
51,41,45,28. You're the One That I Want,12. What a Wonderful World,45. I Just Can't Stop Loving You,34. Smooth Operator,44. The Way You Make Me Feel,35. Still Loving You,41. Kiss,29. Crazy Little Thing Called Love,33. Time After Time
52,35,46,22. Mamma Mia,7. LOVE,45. I Just Can't Stop Loving You,10. Wouldn't It Be Nice,35. Still Loving You,9. When a Man Loves a Woman,46. Poison,24. Somebody To Love,23. Fernando
53,25,46,30. Just the Two of Us,25. Don't Go Breaking My Heart,7. LOVE,41. Kiss,4. Be My Baby,28. You're the One That I Want,12. What a Wonderful World,6. Everybody Loves Somebody,46. Poison
54,23,41,11. Can't Take My Eyes Off You,23. Fernando,21. Burning Love,30. Just the Two of Us,19. Imagine,25. Don't Go Breaking My Heart,12. What a Wonderful World,28. You're the One That I Want,41. Kiss
55,21,33,33. Time After Time,9. When a Man Loves a Woman,29. Crazy Little Thing Called Love,21. Burning Love,"5. Oh, Pretty Woman ",14. Ain't No Mountain High Enough,6. Everybody Loves Somebody,27. More Than a Woman,20. Ain't No Sunshine
56,22,42,3. Stand By Me,34. Smooth Operator,19. Imagine,11. Can't Take My Eyes Off You,41. Kiss,25. Don't Go Breaking My Heart,22. Mamma Mia,42. I Wanna Dance with Somebody,4. Be My Baby
57,25,45,38. Take on Me,32. Total Eclipse of the Heart,30. Just the Two of Us,45. I Just Can't Stop Loving You,10. Wouldn't It Be Nice,9. When a Man Loves a Woman,6. Everybody Loves Somebody,11. Can't Take My Eyes Off You,25. Don't Go Breaking My Heart
58,18,40,40. Nothing's Gonna Change My Love for You,37. I Just Called To Say I Love You,35. Still Loving You,15. Hey Jude,18. Sweet Caroline (Live),13. Happy Together,9. When a Man Loves a Woman,38. Take on Me,16. Dream a Little Dream of Me
59,27,46,2. Can't Help Falling in Love,15. Hey Jude,27. More Than a Woman,30. Just the Two of Us,23. Fernando,33. Time After Time,44. The Way You Make Me Feel,46. Poison,21. Burning Love
60,20,44,21. Burning Love,9. When a Man Loves a Woman,28. You're the One That I Want,3. Stand By Me,10. Wouldn't It Be Nice,20. Ain't No Sunshine,44. The Way You Make Me Feel,31. Every Breath You Take,17. I Say a Little Prayer
61,30,46,2. Can't Help Falling in Love,19. Imagine,30. Just the Two of Us,42. I Wanna Dance with Somebody,17. I Say a Little Prayer,37. I Just Called To Say I Love You,46. Poison,32. Total Eclipse of the Heart,9. When a Man Loves a Woman
62,18,44,6. Everybody Loves Somebody,16. Dream a Little Dream of Me,18. Sweet Caroline (Live),39. Cheri Cheri Lady,15. Hey Jude,35. Still Loving You,12. What a Wonderful World,44. The Way You Make Me Feel,22. Mamma Mia
63,34,43,11. Can't Take My Eyes Off You,38. Take on Me,32. Total Eclipse of the Heart,22. Mamma Mia,30. Just the Two of Us,34. Smooth Operator,43. (I've Had) The Time of My Life,16. Dream a Little Dream of Me,7. LOVE
64,30,42,40. Nothing's Gonna Change My Love for You,21. Burning Love,28. You're the One That I Want,23. Fernando,11. Can't Take My Eyes Off You,42. I Wanna Dance with Somebody,26. Wonderful Tonight,30. Just the Two of Us,34. Smooth Operator
65,23,43,28. You're the One That I Want,43. (I've Had) The Time of My Life,25. Don't Go Breaking My Heart,7. LOVE,23. Fernando,2. Can't Help Falling in Love,40. Nothing's Gonna Change My Love for You,18. Sweet Caroline (Live),30. Just the Two of Us
66,17,43,16. Dream a Little Dream of Me,43. (I've Had) The Time of My Life,12. What a Wonderful World,17. I Say a Little Prayer,23. Fernando,25. Don't Go Breaking My Heart,15. Hey Jude,41. Kiss,13. Happy Together
67,37,43,28. You're the One That I Want,18. Sweet Caroline (Live),37. I Just Called To Say I Love You,43. (I've Had) The Time of My Life,9. When a Man Loves a Woman,2. Can't Help Falling in Love,12. What a Wonderful World,39. Cheri Cheri Lady,22. Mamma Mia
68,38,45,44. The Way You Make Me Feel,3. Stand By Me,45. I Just Can't Stop Loving You,32. Total Eclipse of the Heart,40. Nothing's Gonna Change My Love for You,11. Can't Take My Eyes Off You,31. Every Breath You Take,38. Take on Me,2. Can't Help Falling in Love
69,11,45,36. Purple Rain,7. LOVE,1. At Last,4. Be My Baby,"5. Oh, Pretty Woman ",20. Ain't No Sunshine,25. Don't Go Breaking My Heart,11. Can't Take My Eyes Off You,45. I Just Can't Stop Loving You
70,19,37,36. Purple Rain,10. Wouldn't It Be Nice,6. Everybody Loves Somebody,37. I Just Called To Say I Love You,16. Dream a Little Dream of Me,34. Smooth Operator,20. Ain't No Sunshine,19. Imagine,"5. Oh, Pretty Woman "
71,39,45,12. What a Wonderful World,39. Cheri Cheri Lady,34. Smooth Operator,21. Burning Love,13. Happy Together,40. Nothing's Gonna Change My Love for You,45. I Just Can't Stop Loving You,17. I Say a Little Prayer,22. Mamma Mia
72,28,39,39. Cheri Cheri Lady,37. I Just Called To Say I Love You,23. Fernando,20. Ain't No Sunshine,7. LOVE,28. You're the One That I Want,34. Smooth Operator,13. Happy Together,6. Everybody Loves Somebody
73,18,40,1. At Last,26. Wonderful Tonight,14. Ain't No Mountain High Enough,12. What a Wonderful World,8. Unchained Melody,18. Sweet Caroline (Live),40. Nothing's Gonna Change My Love for You,7. LOVE,15. Hey Jude
74,19,44,23. Fernando,27. More Than a Woman,33. Time After Time,6. Everybody Loves Somebody,28. You're the One That I Want,44. The Way You Make Me Feel,19. Imagine,11. Can't Take My Eyes Off You,1. At Last
75,27,44,40. Nothing's Gonna Change My Love for You,1. At Last,44. The Way You Make Me Feel,25. Don't Go Breaking My Heart,27. More Than a Woman,9. When a Man Loves a Woman,6. Everybody Loves Somebody,37. I Just Called To Say I Love You,16. Dream a Little Dream of Me
76,23,46,1. At Last,10. Wouldn't It Be Nice,45. I Just Can't Stop Loving You,21. Burning Love,42. I Wanna Dance with Somebody,13. Happy Together,23. Fernando,46. Poison,36. Purple Rain
77,17,39,17. I Say a Little Prayer,37. I Just Called To Say I Love You,34. Smooth Operator,2. Can't Help Falling in Love,20. Ain't No Sunshine,39. Cheri Cheri Lady,15. Hey Jude,22. Mamma Mia,35. Still Loving You
78,22,36,36. Purple Rain,7. LOVE,8. Unchained Melody,"5. Oh, Pretty Woman ",4. Be My Baby,34. Smooth Operator,27. More Than a Woman,22. Mamma Mia,12. What a Wonderful World
79,26,36,31. Every Breath You Take,11. Can't Take My Eyes Off You,"5. Oh, Pretty Woman ",7. LOVE,36. Purple Rain,26. Wonderful Tonight,29. Crazy Little Thing Called Love,15. Hey Jude,8. Unchained Melody
80,19,36,1. At Last,22. Mamma Mia,31. Every Breath You Take,29. Crazy Little Thing Called Love,36. Purple Rain,18. Sweet Caroline (Live),19. Imagine,12. What a Wonderful World,13. Happy Together
81,36,46,37. I Just Called To Say I Love You,18. Sweet Caroline (Live),22. Mamma Mia,19. Imagine,35. Still Loving You,46. Poison,24. Somebody To Love,36. Purple Rain,44. The Way You Make Me Feel
82,33,42,42. I Wanna Dance with Somebody,20. Ain't No Sunshine,35. Still Loving You,39. Cheri Cheri Lady,34. Smooth Operator,12. What a Wonderful World,25. Don't Go Breaking My Heart,28. You're the One That I Want,33. Time After Time
83,13,42,4. Be My Baby,26. Wonderful Tonight,31. Every Breath You Take,13. Happy Together,37. I Just Called To Say I Love You,35. Still Loving You,10. Wouldn't It Be Nice,42. I Wanna Dance with Somebody,23. Fernando
84,17,36,6. Everybody Loves Somebody,36. Purple Rain,20. Ain't No Sunshine,35. Still Loving You,19. Imagine,32. Total Eclipse of the Heart,17. I Say a Little Prayer,1. At Last,11. Can't Take My Eyes Off You
85,36,43,15. Hey Jude,36. Purple Rain,35. Still Loving You,40. Nothing's Gonna Change My Love for You,17. I Say a Little Prayer,41. Kiss,4. Be My Baby,9. When a Man Loves a Woman,43. (I've Had) The Time of My Life
86,14,45,41. Kiss,44. The Way You Make Me Feel,45. I Just Can't Stop Loving You,34. Smooth Operator,28. You're the One That I Want,35. Still Loving You,"5. Oh, Pretty Woman ",14. Ain't No Mountain High Enough,2. Can't Help Falling in Love
87,27,46,17. I Say a Little Prayer,35. Still Loving You,32. Total Eclipse of the Heart,33. Time After Time,46. Poison,28. You're the One That I Want,16. Dream a Little Dream of Me,10. Wouldn't It Be Nice,27. More Than a Woman
88,33,44,40. Nothing's Gonna Change My Love for You,8. Unchained Melody,11. Can't Take My Eyes Off You,33. Time After Time,16. Dream a Little Dream of Me,20. Ain't No Sunshine,44. The Way You Make Me Feel,35. Still Loving You,38. Take on Me
89,28,33,23. Fernando,10. Wouldn't It Be Nice,28. You're the One That I Want,16. Dream a Little Dream of Me,30. Just the Two of Us,6. Everybody Loves Somebody,33. Time After Time,31. Every Breath You Take,"5. Oh, Pretty Woman "
90,34,46,14. Ain't No Mountain High Enough,38. Take on Me,11. Can't Take My Eyes Off You,43. (I've Had) The Time of My Life,22. Mamma Mia,18. Sweet Caroline (Live),37. I Just Called To Say I Love You,46. Poison,34. Smooth Operator
91,32,46,33. Time After Time,15. Hey Jude,42. I Wanna Dance with Somebody,43. (I've Had) The Time of My Life,46. Poison,34. Smooth Operator,22. Mamma Mia,32. Total Eclipse of the Heart,30. Just the Two of Us
92,30,45,6. Everybody Loves Somebody,38. Take on Me,28. You're the One That I Want,45. I Just Can't Stop Loving You,14. Ain't No Mountain High Enough,30. Just the Two of Us,20. Ain't No Sunshine,36. Purple Rain,1. At Last
93,23,46,46. Poison,"5. Oh, Pretty Woman ",36. Purple Rain,33. Time After Time,12. What a Wonderful World,37. I Just Called To Say I Love You,27. More Than a Woman,23. Fernando,1. At Last
94,19,43,9. When a Man Loves a Woman,19. Imagine,12. What a Wonderful World,38. Take on Me,15. Hey Jude,8. Unchained Melody,25. Don't Go Breaking My Heart,35. Still Loving You,43. (I've Had) The Time of My Life
95,17,42,40. Nothing's Gonna Change My Love for You,28. You're the One That I Want,25. Don't Go Breaking My Heart,17. I Say a Little Prayer,14. Ain't No Mountain High Enough,4. Be My Baby,15. Hey Jude,41. Kiss,42. I Wanna Dance with Somebody
96,15,37,27. More Than a Woman,1. At Last,21. Burning Love,34. Smooth Operator,37. I Just Called To Say I Love You,26. Wonderful Tonight,15. Hey Jude,10. Wouldn't It Be Nice,"5. Oh, Pretty Woman "
97,13,37,29. Crazy Little Thing Called Love,26. Wonderful Tonight,9. When a Man Loves a Woman,13. Happy Together,12. What a Wonderful World,8. Unchained Melody,20. Ain't No Sunshine,36. Purple Rain,37. I Just Called To Say I Love You
98,28,46,10. Wouldn't It Be Nice,3. Stand By Me,33. Time After Time,46. Poison,15. Hey Jude,4. Be My Baby,39. Cheri Cheri Lady,28. You're the One That I Want,44. The Way You Make Me Feel
99,30,44,30. Just the Two of Us,29. Crazy Little Thing Called Love,8. Unchained Melody,43. (I've Had) The Time of My Life,36. Purple Rain,42. I Wanna Dance with Somebody,7. LOVE,44. The Way You Make Me Feel,9. When a Man Loves a Woman
100,23,41,41. Kiss,30. Just the Two of Us,38. Take on Me,27. More Than a Woman,14. Ain't No Mountain High Enough,8. Unchained Melody,10. Wouldn't It Be Nice,22. Mamma Mia,23. Fernando
101,36,45,18. Sweet Caroline (Live),22. Mamma Mia,37. I Just Called To Say I Love You,36. Purple Rain,38. Take on Me,21. Burning Love,19. Imagine,45. I Just Can't Stop Loving You,12. What a Wonderful World
102,20,44,39. Cheri Cheri Lady,38. Take on Me,23. Fernando,1. At Last,"5. Oh, Pretty Woman ",20. Ain't No Sunshine,44. The Way You Make Me Feel,18. Sweet Caroline (Live),10. Wouldn't It Be Nice
103,17,38,35. Still Loving You,18. Sweet Caroline (Live),29. Crazy Little Thing Called Love,12. What a Wonderful World,38. Take on Me,28. You're the One That I Want,11. Can't Take My Eyes Off You,17. I Say a Little Prayer,9. When a Man Loves a Woman
104,20,45,14. Ain't No Mountain High Enough,45. I Just Can't Stop Loving You,15. Hey Jude,44. The Way You Make Me Feel,8. Unchained Melody,"5. Oh, Pretty Woman ",36. Purple Rain,19. Imagine,20. Ain't No Sunshine
105,28,42,12. What a Wonderful World,28. You're the One That I Want,20. Ain't No Sunshine,37. I Just Called To Say I Love You,38. Take on Me,42. I Wanna Dance with Somebody,2. Can't Help Falling in Love,17. I Say a Little Prayer,36. Purple Rain
106,18,37,18. Sweet Caroline (Live),3. Stand By Me,37. I Just Called To Say I Love You,13. Happy Together,29. Crazy Little Thing Called Love,10. Wouldn't It Be Nice,2. Can't Help Falling in Love,36. Purple Rain,9. When a Man Loves a Woman
107,20,40,40. Nothing's Gonna Change My Love for You,14. Ain't No Mountain High Enough,20. Ain't No Sunshine,36. Purple Rain,38. Take on Me,17. I Say a Little Prayer,31. Every Breath You Take,12. What a Wonderful World,4. Be My Baby
108,30,45,19. Imagine,45. I Just Can't Stop Loving You,34. Smooth Operator,31. Every Breath You Take,1. At Last,32. Total Eclipse of the Heart,30. Just the Two of Us,14. Ain't No Mountain High Enough,17. I Say a Little Prayer
109,12,41,41. Kiss,24. Somebody To Love,35. Still Loving You,9. When a Man Loves a Woman,12. What a Wonderful World,6. Everybody Loves Somebody,26. Wonderful Tonight,39. Cheri Cheri Lady,11. Can't Take My Eyes Off You
110,15,42,3. Stand By Me,30. Just the Two of Us,18. Sweet Caroline (Live),6. Everybody Loves Somebody,42. I Wanna Dance with Somebody,8. Unchained Melody,15. Hey Jude,12. What a Wonderful World,39. Cheri Cheri Lady
111,26,40,23. Fernando,34. Smooth Operator,1. At Last,"5. Oh, Pretty Woman ",31. Every Breath You Take,12. What a Wonderful World,40. Nothing's Gonna Change My Love for You,3. Stand By Me,26. Wonderful Tonight
112,26,41,1. At Last,26. Wonderful Tonight,24. Somebody To Love,38. Take on Me,27. More Than a Woman,29. Crazy Little Thing Called Love,15. Hey Jude,41. Kiss,3. Stand By Me
113,32,45,28. You're the One That I Want,25. Don't Go Breaking My Heart,43. (I've Had) The Time of My Life,42. I Wanna Dance with Somebody,37. I Just Called To Say I Love You,45. I Just Can't Stop Loving You,32. Total Eclipse of the Heart,24. Somebody To Love,16. Dream a Little Dream of Me
114,25,46,46. Poison,20. Ain't No Sunshine,8. Unchained Melody,35. Still Loving You,36. Purple Rain,25. Don't Go Breaking My Heart,16. Dream a Little Dream of Me,39. Cheri Cheri Lady,6. Everybody Loves Somebody
115,29,45,12. What a Wonderful World,36. Purple Rain,30. Just the Two of Us,18. Sweet Caroline (Live),37. I Just Called To Say I Love You,35. Still Loving You,29. Crazy Little Thing Called Love,26. Wonderful Tonight,45. I Just Can't Stop Loving You
116,22,44,44. The Way You Make Me Feel,41. Kiss,33. Time After Time,10. Wouldn't It Be Nice,3. Stand By Me,22. Mamma Mia,2. Can't Help Falling in Love,25. Don't Go Breaking My Heart,35. Still Loving You
117,22,46,46. Poison,4. Be My Baby,8. Unchained Melody,37. I Just Called To Say I Love You,22. Mamma Mia,16. Dream a Little Dream of Me,1. At Last,18. Sweet Caroline (Live),42. I Wanna Dance with Somebody
118,34,44,34. Smooth Operator,44. The Way You Make Me Feel,23. Fernando,33. Time After Time,36. Purple Rain,"5. Oh, Pretty Woman ",10. Wouldn't It Be Nice,6. Everybody Loves Somebody,43. (I've Had) The Time of My Life
119,33,44,9. When a Man Loves a Woman,25. Don't Go Breaking My Heart,33. Time After Time,37. I Just Called To Say I Love You,24. Somebody To Love,29. Crazy Little Thing Called Love,44. The Way You Make Me Feel,38. Take on Me,18. Sweet Caroline (Live)
120,18,40,38. Take on Me,24. Somebody To Love,40. Nothing's Gonna Change My Love for You,3. Stand By Me,8. Unchained Melody,18. Sweet Caroline (Live),"5. Oh, Pretty Woman ",31. Every Breath You Take,29. Crazy Little Thing Called Love
121,30,43,36. Purple Rain,13. Happy Together,7. LOVE,22. Mamma Mia,30. Just the Two of Us,39. Cheri Cheri Lady,6. Everybody Loves Somebody,26. Wonderful Tonight,43. (I've Had) The Time of My Life
122,4,41,1. At Last,34. Smooth Operator,41. Kiss,3. Stand By Me,12. What a Wonderful World,27. More Than a Woman,4. Be My Baby,31. Every Breath You Take,39. Cheri Cheri Lady
123,6,44,42. I Wanna Dance with Somebody,4. Be My Baby,39. Cheri Cheri Lady,21. Burning Love,3. Stand By Me,10. Wouldn't It Be Nice,25. Don't Go Breaking My Heart,6. Everybody Loves Somebody,44. The Way You Make Me Feel
124,14,45,11. Can't Take My Eyes Off You,14. Ain't No Mountain High Enough,9. When a Man Loves a Woman,15. Hey Jude,19. Imagine,17. I Say a Little Prayer,18. Sweet Caroline (Live),29. Crazy Little Thing Called Love,45. I Just Can't Stop Loving You
125,11,45,11. Can't Take My Eyes Off You,6. Everybody Loves Somebody,29. Crazy Little Thing Called Love,8. Unchained Melody,10. Wouldn't It Be Nice,45. I Just Can't Stop Loving You,9. When a Man Loves a Woman,41. Kiss,31. Every Breath You Take
126,19,45,19. Imagine,6. Everybody Loves Somebody,16. Dream a Little Dream of Me,15. Hey Jude,24. Somebody To Love,3. Stand By Me,41. Kiss,45. I Just Can't Stop Loving You,30. Just the Two of Us
127,20,42,12. What a Wonderful World,38. Take on Me,10. Wouldn't It Be Nice,42. I Wanna Dance with Somebody,19. Imagine,39. Cheri Cheri Lady,20. Ain't No Sunshine,4. Be My Baby,17. I Say a Little Prayer
128,22,37,7. LOVE,26. Wonderful Tonight,10. Wouldn't It Be Nice,27. More Than a Woman,37. I Just Called To Say I Love You,22. Mamma Mia,"5. Oh, Pretty Woman ",31. Every Breath You Take,18. Sweet Caroline (Live)
129,26,42,26. Wonderful Tonight,1. At Last,17. I Say a Little Prayer,40. Nothing's Gonna Change My Love for You,28. You're the One That I Want,42. I Wanna Dance with Somebody,23. Fernando,38. Take on Me,11. Can't Take My Eyes Off You
130,26,45,26. Wonderful Tonight,6. Everybody Loves Somebody,38. Take on Me,18. Sweet Caroline (Live),27. More Than a Woman,14. Ain't No Mountain High Enough,20. Ain't No Sunshine,45. I Just Can't Stop Loving You,36. Purple Rain
131,13,35,35. Still Loving You,19. Imagine,"5. Oh, Pretty Woman ",22. Mamma Mia,26. Wonderful Tonight,32. Total Eclipse of the Heart,8. Unchained Melody,13. Happy Together,2. Can't Help Falling in Love
132,9,44,31. Every Breath You Take,35. Still Loving You,4. Be My Baby,44. The Way You Make Me Feel,42. I Wanna Dance with Somebody,9. When a Man Loves a Woman,38. Take on Me,8. Unchained Melody,"5. Oh, Pretty Woman "
133,18,38,16. Dream a Little Dream of Me,25. Don't Go Breaking My Heart,22. Mamma Mia,18. Sweet Caroline (Live),7. LOVE,8. Unchained Melody,10. Wouldn't It Be Nice,33. Time After Time,38. Take on Me
134,17,40,9. When a Man Loves a Woman,8. Unchained Melody,19. Imagine,21. Burning Love,17. I Say a Little Prayer,39. Cheri Cheri Lady,40. Nothing's Gonna Change My Love for You,12. What a Wonderful World,36. Purple Rain
135,29,42,9. When a Man Loves a Woman,40. Nothing's Gonna Change My Love for You,35. Still Loving You,4. Be My Baby,25. Don't Go Breaking My Heart,33. Time After Time,29. Crazy Little Thing Called Love,32. Total Eclipse of the Heart,42. I Wanna Dance with Somebody
136,27,46,39. Cheri Cheri Lady,25. Don't Go Breaking My Heart,26. Wonderful Tonight,29. Crazy Little Thing Called Love,38. Take on Me,46. Poison,27. More Than a Woman,2. Can't Help Falling in Love,19. Imagine
137,28,46,28. You're the One That I Want,12. What a Wonderful World,30. Just the Two of Us,3. Stand By Me,46. Poison,20. Ain't No Sunshine,8. Unchained Melody,41. Kiss,13. Happy Together
138,34,42,9. When a Man Loves a Woman,34. Smooth Operator,31. Every Breath You Take,42. I Wanna Dance with Somebody,32. Total Eclipse of the Heart,14. Ain't No Mountain High Enough,18. Sweet Caroline (Live),30. Just the Two of Us,38. Take on Me
139,22,38,29. Crazy Little Thing Called Love,38. Take on Me,23. Fernando,22. Mamma Mia,9. When a Man Loves a Woman,17. I Say a Little Prayer,27. More Than a Woman,6. Everybody Loves Somebody,4. Be My Baby
140,37,46,28. You're the One That I Want,3. Stand By Me,44. The Way You Make Me Feel,46. Poison,37. I Just Called To Say I Love You,27. More Than a Woman,16. Dream a Little Dream of Me,4. Be My Baby,45. I Just Can't Stop Loving You
141,24,44,44. The Way You Make Me Feel,22. Mamma Mia,38. Take on Me,18. Sweet Caroline (Live),40. Nothing's Gonna Change My Love for You,26. Wonderful Tonight,4. Be My Baby,16. Dream a Little Dream of Me,24. Somebody To Love
142,18,39,3. Stand By Me,16. Dream a Little Dream of Me,18. Sweet Caroline (Live),39. Cheri Cheri Lady,17. I Say a Little Prayer,20. Ain't No Sunshine,7. LOVE,28. You're the One That I Want,22. Mamma Mia
143,35,46,44. The Way You Make Me Feel,33. Time After Time,29. Crazy Little Thing Called Love,26. Wonderful Tonight,35. Still Loving You,46. Poison,42. I Wanna Dance with Somebody,34. Smooth Operator,17. I Say a Little Prayer
144,36,46,16. Dream a Little Dream of Me,17. I Say a Little Prayer,44. The Way You Make Me Feel,46. Poison,21. Burning Love,19. Imagine,8. Unchained Melody,36. Purple Rain,38. Take on Me
145,27,36,17. I Say a Little Prayer,34. Smooth Operator,"5. Oh, Pretty Woman ",36. Purple Rain,25. Don't Go Breaking My Heart,31. Every Breath You Take,27. More Than a Woman,22. Mamma Mia,6. Everybody Loves Somebody
146,26,44,11. Can't Take My Eyes Off You,7. LOVE,26. Wonderful Tonight,1. At Last,44. The Way You Make Me Feel,38. Take on Me,31. Every Breath You Take,2. Can't Help Falling in Love,19. Imagine
147,30,45,36. Purple Rain,45. I Just Can't Stop Loving You,12. What a Wonderful World,18. Sweet Caroline (Live),19. Imagine,30. Just the Two of Us,44. The Way You Make Me Feel,40. Nothing's Gonna Change My Love for You,28. You're the One That I Want
148,29,39,"5. Oh, Pretty Woman ",3. Stand By Me,35. Still Loving You,29. Crazy Little Thing Called Love,23. Fernando,38. Take on Me,27. More Than a Woman,39. Cheri Cheri Lady,36. Purple Rain
149,21,41,41. Kiss,18. Sweet Caroline (Live),27. More Than a Woman,34. Smooth Operator,15. Hey Jude,19. Imagine,8. Unchained Melody,21. Burning Love,37. I Just Called To Say I Love You
150,17,46,17. I Say a Little Prayer,3. Stand By Me,11. Can't Take My Eyes Off You,25. Don't Go Breaking My Heart,33. Time After Time,26. Wonderful Tonight,"5. Oh, Pretty Woman ",8. Unchained Melody,46. Poison
151,22,36,17. I Say a Little Prayer,"5. Oh, Pretty Woman ",35. Still Loving You,36. Purple Rain,8. Unchained Melody,19. Imagine,16. Dream a Little Dream of Me,22. Mamma Mia,11. Can't Take My Eyes Off You
152,25,46,7. LOVE,26. Wonderful Tonight,9. When a Man Loves a Woman,3. Stand By Me,4. Be My Baby,29. Crazy Little Thing Called Love,25. Don't Go Breaking My Heart,33. Time After Time,46. Poison
153,32,44,13. Happy Together,38. Take on Me,39. Cheri Cheri Lady,32. Total Eclipse of the Heart,16. Dream a Little Dream of Me,26. Wonderful Tonight,44. The Way You Make Me Feel,33. Time After Time,4. Be My Baby
154,21,42,14. Ain't No Mountain High Enough,39. Cheri Cheri Lady,24. Somebody To Love,21. Burning Love,42. I Wanna Dance with Somebody,20. Ain't No Sunshine,6. Everybody Loves Somebody,22. Mamma Mia,27. More Than a Woman
155,25,45,40. Nothing's Gonna Change My Love for You,1. At Last,33. Time After Time,25. Don't Go Breaking My Heart,7. LOVE,8. Unchained Melody,22. Mamma Mia,32. Total Eclipse of the Heart,45. I Just Can't Stop Loving You
156,32,40,35. Still Loving You,33. Time After Time,40. Nothing's Gonna Change My Love for You,34. Smooth Operator,7. LOVE,21. Burning Love,27. More Than a Woman,25. Don't Go Breaking My Heart,32. Total Eclipse of the Heart
157,29,38,19. Imagine,38. Take on Me,15. Hey Jude,7. LOVE,29. Crazy Little Thing Called Love,12. What a Wonderful World,36. Purple Rain,14. Ain't No Mountain High Enough,37. I Just Called To Say I Love You
158,27,36,18. Sweet Caroline (Live),25. Don't Go Breaking My Heart,27. More Than a Woman,17. I Say a Little Prayer,36. Purple Rain,12. What a Wonderful World,29. Crazy Little Thing Called Love,31. Every Breath You Take,11. Can't Take My Eyes Off You
159,16,44,29. Crazy Little Thing Called Love,8. Unchained Melody,39. Cheri Cheri Lady,37. I Just Called To Say I Love You,6. Everybody Loves Somebody,31. Every Breath You Take,22. Mamma Mia,16. Dream a Little Dream of Me,44. The Way You Make Me Feel
160,32,43,35. Still Loving You,19. Imagine,9. When a Man Loves a Woman,43. (I've Had) The Time of My Life,18. Sweet Caroline (Live),32. Total Eclipse of the Heart,14. Ain't No Mountain High Enough,41. Kiss,24. Somebody To Love
161,12,35,12. What a Wonderful World,24. Somebody To Love,6. Everybody Loves Somebody,1. At Last,16. Dream a Little Dream of Me,11. Can't Take My Eyes Off You,2. Can't Help Falling in Love,"5. Oh, Pretty Woman ",35. Still Loving You
162,30,45,45. I Just Can't Stop Loving You,16. Dream a Little Dream of Me,9. When a Man Loves a Woman,20. Ain't No Sunshine,43. (I've Had) The Time of My Life,24. Somebody To Love,8. Unchained Melody,10. Wouldn't It Be Nice,30. Just the Two of Us
163,36,44,20. Ain't No Sunshine,42. I Wanna Dance with Somebody,36. Purple Rain,38. Take on Me,17. I Say a Little Prayer,6. Everybody Loves Somebody,1. At Last,44. The Way You Make Me Feel,33. Time After Time
164,20,40,26. Wonderful Tonight,40. Nothing's Gonna Change My Love for You,29. Crazy Little Thing Called Love,11. Can't Take My Eyes Off You,20. Ain't No Sunshine,7. LOVE,12. What a Wonderful World,9. When a Man Loves a Woman,28. You're the One That I Want
165,16,34,8. Unchained Melody,23. Fernando,15. Hey Jude,7. LOVE,17. I Say a Little Prayer,16. Dream a Little Dream of Me,34. Smooth Operator,31. Every Breath You Take,3. Stand By Me
166,34,46,46. Poison,34. Smooth Operator,6. Everybody Loves Somebody,25. Don't Go Breaking My Heart,2. Can't Help Falling in Love,45. I Just Can't Stop Loving You,31. Every Breath You Take,19. Imagine,44. The Way You Make Me Feel
167,26,45,40. Nothing's Gonna Change My Love for You,3. Stand By Me,43. (I've Had) The Time of My Life,45. I Just Can't Stop Loving You,26. Wonderful Tonight,2. Can't Help Falling in Love,30. Just the Two of Us,4. Be My Baby,8. Unchained Melody
168,28,39,30. Just the Two of Us,36. Purple Rain,39. Cheri Cheri Lady,17. I Say a Little Prayer,35. Still Loving You,22. Mamma Mia,15. Hey Jude,4. Be My Baby,28. You're the One That I Want
169,28,37,10. Wouldn't It Be Nice,28. You're the One That I Want,36. Purple Rain,33. Time After Time,20. Ain't No Sunshine,31. Every Breath You Take,37. I Just Called To Say I Love You,18. Sweet Caroline (Live),24. Somebody To Love
170,35,41,41. Kiss,25. Don't Go Breaking My Heart,28. You're the One That I Want,"5. Oh, Pretty Woman ",10. Wouldn't It Be Nice,38. Take on Me,40. Nothing's Gonna Change My Love for You,35. Still Loving You,2. Can't Help Falling in Love
171,27,45,11. Can't Take My Eyes Off You,45. I Just Can't Stop Loving You,22. Mamma Mia,29. Crazy Little Thing Called Love,39. Cheri Cheri Lady,15. Hey Jude,35. Still Loving You,26. Wonderful Tonight,27. More Than a Woman
172,35,38,27. More Than a Woman,4. Be My Baby,35. Still Loving You,38. Take on Me,22. Mamma Mia,28. You're the One That I Want,1. At Last,36. Purple Rain,20. Ain't No Sunshine
173,36,46,29. Crazy Little Thing Called Love,36. Purple Rain,7. LOVE,13. Happy Together,20. Ain't No Sunshine,41. Kiss,46. Poison,35. Still Loving You,43. (I've Had) The Time of My Life
174,10,34,10. Wouldn't It Be Nice,2. Can't Help Falling in Love,34. Smooth Operator,3. Stand By Me,27. More Than a Woman,28. You're the One That I Want,4. Be My Baby,6. Everybody Loves Somebody,23. Fernando
175,31,43,33. Time After Time,1. At Last,22. Mamma Mia,38. Take on Me,31. Every Breath You Take,41. Kiss,43. (I've Had) The Time of My Life,"5. Oh, Pretty Woman ",32. Total Eclipse of the Heart
176,29,42,29. Crazy Little Thing Called Love,39. Cheri Cheri Lady,37. I Just Called To Say I Love You,21. Burning Love,33. Time After Time,17. I Say a Little Prayer,14. Ain't No Mountain High Enough,42. I Wanna Dance with Somebody,32. Total Eclipse of the Heart
177,31,42,31. Every Breath You Take,29. Crazy Little Thing Called Love,13. Happy Together,11. Can't Take My Eyes Off You,33. Time After Time,"5. Oh, Pretty Woman ",21. Burning Love,12. What a Wonderful World,42. I Wanna Dance with Somebody
178,30,43,17. I Say a Little Prayer,33. Time After Time,8. Unchained Melody,23. Fernando,42. I Wanna Dance with Somebody,43. (I've Had) The Time of My Life,30. Just the Two of Us,32. Total Eclipse of the Heart,37. I Just Called To Say I Love You
179,26,39,30. Just the Two of Us,16. Dream a Little Dream of Me,25. Don't Go Breaking My Heart,9. When a Man Loves a Woman,26. Wonderful Tonight,23. Fernando,39. Cheri Cheri Lady,32. Total Eclipse of the Heart,34. Smooth Operator
180,27,46,27. More Than a Woman,16. Dream a Little Dream of Me,20. Ain't No Sunshine,2. Can't Help Falling in Love,40. Nothing's Gonna Change My Love for You,15. Hey Jude,17. I Say a Little Prayer,8. Unchained Melody,46. Poison
181,22,45,33. Time After Time,45. I Just Can't Stop Loving You,22. Mamma Mia,18. Sweet Caroline (Live),31. Every Breath You Take,14. Ain't No Mountain High Enough,34. Smooth Operator,29. Crazy Little Thing Called Love,16. Dream a Little Dream of Me
182,27,46,46. Poison,37. I Just Called To Say I Love You,10. Wouldn't It Be Nice,12. What a Wonderful World,34. Smooth Operator,8. Unchained Melody,16. Dream a Little Dream of Me,30. Just the Two of Us,27. More Than a Woman
183,16,43,43. (I've Had) The Time of My Life,8. Unchained Melody,17. I Say a Little Prayer,25. Don't Go Breaking My Heart,20. Ain't No Sunshine,38. Take on Me,9. When a Man Loves a Woman,14. Ain't No Mountain High Enough,16. Dream a Little Dream of Me
184,43,46,20. Ain't No Sunshine,46. Poison,16. Dream a Little Dream of Me,37. I Just Called To Say I Love You,28. You're the One That I Want,44. The Way You Make Me Feel,43. (I've Had) The Time of My Life,30. Just the Two of Us,36. Purple Rain
185,36,46,1. At Last,"5. Oh, Pretty Woman ",44. The Way You Make Me Feel,14. Ain't No Mountain High Enough,36. Purple Rain,37. I Just Called To Say I Love You,46. Poison,26. Wonderful Tonight,9. When a Man Loves a Woman
186,17,44,4. Be My Baby,17. I Say a Little Prayer,14. Ain't No Mountain High Enough,24. Somebody To Love,22. Mamma Mia,44. The Way You Make Me Feel,8. Unchained Melody,30. Just the Two of Us,6. Everybody Loves Somebody
187,10,41,17. I Say a Little Prayer,31. Every Breath You Take,30. Just the Two of Us,10. Wouldn't It Be Nice,7. LOVE,2. Can't Help Falling in Love,18. Sweet Caroline (Live),41. Kiss,29. Crazy Little Thing Called Love
188,17,45,14. Ain't No Mountain High Enough,31. Every Breath You Take,9. When a Man Loves a Woman,29. Crazy Little Thing Called Love,13. Happy Together,17. I Say a Little Prayer,2. Can't Help Falling in Love,45. I Just Can't Stop Loving You,11. Can't Take My Eyes Off You
189,24,42,11. Can't Take My Eyes Off You,31. Every Breath You Take,12. What a Wonderful World,4. Be My Baby,1. At Last,24. Somebody To Love,42. I Wanna Dance with Somebody,39. Cheri Cheri Lady,30. Just the Two of Us
190,30,44,23. Fernando,30. Just the Two of Us,44. The Way You Make Me Feel,42. I Wanna Dance with Somebody,20. Ain't No Sunshine,29. Crazy Little Thing Called Love,10. Wouldn't It Be Nice,7. LOVE,34. Smooth Operator
191,20,42,9. When a Man Loves a Woman,42. I Wanna Dance with Somebody,7. LOVE,20. Ain't No Sunshine,39. Cheri Cheri Lady,14. Ain't No Mountain High Enough,19. Imagine,30. Just the Two of Us,28. You're the One That I Want
192,20,40,12. What a Wonderful World,31. Every Breath You Take,33. Time After Time,20. Ain't No Sunshine,24. Somebody To Love,21. Burning Love,6. Everybody Loves Somebody,40. Nothing's Gonna Change My Love for You,17. I Say a Little Prayer
193,23,45,28. You're the One That I Want,13. Happy Together,41. Kiss,35. Still Loving You,23. Fernando,2. Can't Help Falling in Love,45. I Just Can't Stop Loving You,6. Everybody Loves Somebody,39. Cheri Cheri Lady
194,27,44,44. The Way You Make Me Feel,"5. Oh, Pretty Woman ",4. Be My Baby,16. Dream a Little Dream of Me,32. Total Eclipse of the Heart,17. I Say a Little Prayer,43. (I've Had) The Time of My Life,22. Mamma Mia,27. More Than a Woman
195,26,40,40. Nothing's Gonna Change My Love for You,29. Crazy Little Thing Called Love,26. Wonderful Tonight,39. Cheri Cheri Lady,8. Unchained Melody,24. Somebody To Love,22. Mamma Mia,34. Smooth Operator,10. Wouldn't It Be Nice
196,19,44,28. You're the One That I Want,32. Total Eclipse of the Heart,17. I Say a Little Prayer,36. Purple Rain,16. Dream a Little Dream of Me,19. Imagine,1. At Last,44. The Way You Make Me Feel,4. Be My Baby
197,18,43,13. Happy Together,22. Mamma Mia,3. Stand By Me,18. Sweet Caroline (Live),43. (I've Had) The Time of My Life,38. Take on Me,"5. Oh, Pretty Woman ",17. I Say a Little Prayer,33. Time After Time
198,20,46,7. LOVE,46. Poison,2. Can't Help Falling in Love,32. Total Eclipse of the Heart,19. Imagine,40. Nothing's Gonna Change My Love for You,1. At Last,20. Ain't No Sunshine,10. Wouldn't It Be Nice
199,25,44,2. Can't Help Falling in Love,22. Mamma Mia,44. The Way You Make Me Feel,10. Wouldn't It Be Nice,25. Don't Go Breaking My Heart,16. Dream a Little Dream of Me,28. You're the One That I Want,31. Every Breath You Take,39. Cheri Cheri Lady
200,22,43,15. Hey Jude,17. I Say a Little Prayer,27. More Than a Woman,22. Mamma Mia,42. I Wanna Dance with Somebody,24. Somebody To Love,1. At Last,25. Don't Go Breaking My Heart,43. (I've Had) The Time of My Life
201,24,40,26. Wonderful Tonight,40. Nothing's Gonna Change My Love for You,22. Mamma Mia,24. Somebody To Love,8. Unchained Melody,15. Hey Jude,36. Purple Rain,38. Take on Me,35. Still Loving You
202,35,41,7. LOVE,37. I Just Called To Say I Love You,"5. Oh, Pretty Woman ",41. Kiss,39. Cheri Cheri Lady,25. Don't Go Breaking My Heart,15. Hey Jude,14. Ain't No Mountain High Enough,35. Still Loving You
203,16,40,14. Ain't No Mountain High Enough,40. Nothing's Gonna Change My Love for You,10. Wouldn't It Be Nice,27. More Than a Woman,30. Just the Two of Us,9. When a Man Loves a Woman,36. Purple Rain,15. Hey Jude,16. Dream a Little Dream of Me
204,25,46,42. I Wanna Dance with Somebody,31. Every Breath You Take,25. Don't Go Breaking My Heart,45. I Just Can't Stop Loving You,40. Nothing's Gonna Change My Love for You,10. Wouldn't It Be Nice,46. Poison,6. Everybody Loves Somebody,16. Dream a Little Dream of Me
205,17,46,27. More Than a Woman,41. Kiss,46. Poison,8. Unchained Melody,17. I Say a Little Prayer,11. Can't Take My Eyes Off You,18. Sweet Caroline (Live),25. Don't Go Breaking My Heart,13. Happy Together
206,27,40,40. Nothing's Gonna Change My Love for You,24. Somebody To Love,7. LOVE,18. Sweet Caroline (Live),28. You're the One That I Want,27. More Than a Woman,37. I Just Called To Say I Love You,15. Hey Jude,23. Fernando
207,34,45,17. I Say a Little Prayer,42. I Wanna Dance with Somebody,40. Nothing's Gonna Change My Love for You,34. Smooth Operator,26. Wonderful Tonight,2. Can't Help Falling in Love,45. I Just Can't Stop Loving You,7. LOVE,33. Time After Time
208,32,46,32. Total Eclipse of the Heart,"5. Oh, Pretty Woman ",25. Don't Go Breaking My Heart,20. Ain't No Sunshine,34. Smooth Operator,46. Poison,44. The Way You Make Me Feel,33. Time After Time,37. I Just Called To Say I Love You
209,20,37,15. Hey Jude,37. I Just Called To Say I Love You,13. Happy Together,1. At Last,32. Total Eclipse of the Heart,20. Ain't No Sunshine,31. Every Breath You Take,17. I Say a Little Prayer,6. Everybody Loves Somebody
210,15,35,2. Can't Help Falling in Love,35. Still Loving You,28. You're the One That I Want,4. Be My Baby,30. Just the Two of Us,8. Unchained Melody,15. Hey Jude,22. Mamma Mia,20. Ain't No Sunshine
211,36,45,40. Nothing's Gonna Change My Love for You,36. Purple Rain,38. Take on Me,41. Kiss,8. Unchained Melody,10. Wouldn't It Be Nice,45. I Just Can't Stop Loving You,26. Wonderful Tonight,27. More Than a Woman
212,18,41,39. Cheri Cheri Lady,40. Nothing's Gonna Change My Love for You,10. Wouldn't It Be Nice,27. More Than a Woman,12. What a Wonderful World,18. Sweet Caroline (Live),21. Burning Love,41. Kiss,8. Unchained Melody
213,16,43,13. Happy Together,22. Mamma Mia,9. When a Man Loves a Woman,43. (I've Had) The Time of My Life,23. Fernando,4. Be My Baby,25. Don't Go Breaking My Heart,3. Stand By Me,16. Dream a Little Dream of Me
214,14,44,14. Ain't No Mountain High Enough,13. Happy Together,3. Stand By Me,8. Unchained Melody,7. LOVE,42. I Wanna Dance with Somebody,22. Mamma Mia,44. The Way You Make Me Feel,11. Can't Take My Eyes Off You
215,25,44,41. Kiss,44. The Way You Make Me Feel,25. Don't Go Breaking My Heart,34. Smooth Operator,40. Nothing's Gonna Change My Love for You,19. Imagine,7. LOVE,27. More Than a Woman,3. Stand By Me
216,15,46,13. Happy Together,7. LOVE,46. Poison,37. I Just Called To Say I Love You,15. Hey Jude,3. Stand By Me,41. Kiss,8. Unchained Melody,10. Wouldn't It Be Nice
217,31,46,16. Dream a Little Dream of Me,31. Every Breath You Take,11. Can't Take My Eyes Off You,38. Take on Me,46. Poison,24. Somebody To Love,37. I Just Called To Say I Love You,25. Don't Go Breaking My Heart,43. (I've Had) The Time of My Life
218,16,41,24. Somebody To Love,38. Take on Me,4. Be My Baby,12. What a Wonderful World,15. Hey Jude,16. Dream a Little Dream of Me,10. Wouldn't It Be Nice,32. Total Eclipse of the Heart,41. Kiss
219,15,45,11. Can't Take My Eyes Off You,1. At Last,15. Hey Jude,"5. Oh, Pretty Woman ",45. I Just Can't Stop Loving You,6. Everybody Loves Somebody,26. Wonderful Tonight,22. Mamma Mia,19. Imagine
220,40,46,23. Fernando,1. At Last,46. Poison,40. Nothing's Gonna Change My Love for You,44. The Way You Make Me Feel,11. Can't Take My Eyes Off You,36. Purple Rain,42. I Wanna Dance with Somebody,14. Ain't No Mountain High Enough
221,11,44,11. Can't Take My Eyes Off You,10. Wouldn't It Be Nice,2. Can't Help Falling in Love,4. Be My Baby,28. You're the One That I Want,39. Cheri Cheri Lady,32. Total Eclipse of the Heart,44. The Way You Make Me Feel,21. Burning Love
222,18,43,13. Happy Together,18. Sweet Caroline (Live),26. Wonderful Tonight,28. You're the One That I Want,17. I Say a Little Prayer,43. (I've Had) The Time of My Life,6. Everybody Loves Somebody,12. What a Wonderful World,36. Purple Rain
223,22,41,33. Time After Time,19. Imagine,41. Kiss,2. Can't Help Falling in Love,22. Mamma Mia,20. Ain't No Sunshine,25. Don't Go Breaking My Heart,12. What a Wonderful World,36. Purple Rain
224,27,43,27. More Than a Woman,43. (I've Had) The Time of My Life,32. Total Eclipse of the Heart,25. Don't Go Breaking My Heart,38. Take on Me,7. LOVE,3. Stand By Me,18. Sweet Caroline (Live),40. Nothing's Gonna Change My Love for You
225,19,46,21. Burning Love,46. Poison,19. Imagine,29. Crazy Little Thing Called Love,13. Happy Together,2. Can't Help Falling in Love,1. At Last,36. Purple Rain,15. Hey Jude
226,20,42,1. At Last,35. Still Loving You,26. Wonderful Tonight,20. Ain't No Sunshine,10. Wouldn't It Be Nice,18. Sweet Caroline (Live),15. Hey Jude,11. Can't Take My Eyes Off You,42. I Wanna Dance with Somebody
227,30,46,45. I Just Can't Stop Loving You,21. Burning Love,29. Crazy Little Thing Called Love,20. Ain't No Sunshine,30. Just the Two of Us,1. At Last,38. Take on Me,35. Still Loving You,46. Poison
228,29,41,29. Crazy Little Thing Called Love,41. Kiss,32. Total Eclipse of the Heart,11. Can't Take My Eyes Off You,24. Somebody To Love,33. Time After Time,20. Ain't No Sunshine,10. Wouldn't It Be Nice,31. Every Breath You Take
229,27,41,27. More Than a Woman,28. You're the One That I Want,29. Crazy Little Thing Called Love,7. LOVE,38. Take on Me,37. I Just Called To Say I Love You,15. Hey Jude,1. At Last,41. Kiss
230,18,42,"5. Oh, Pretty Woman ",6. Everybody Loves Somebody,28. You're the One That I Want,18. Sweet Caroline (Live),42. I Wanna Dance with Somebody,17. I Say a Little Prayer,1. At Last,39. Cheri Cheri Lady,32. Total Eclipse of the Heart
231,12,45,38. Take on Me,45. I Just Can't Stop Loving You,15. Hey Jude,12. What a Wonderful World,"5. Oh, Pretty Woman ",11. Can't Take My Eyes Off You,31. Every Breath You Take,30. Just the Two of Us,3. Stand By Me
232,39,43,19. Imagine,39. Cheri Cheri Lady,31. Every Breath You Take,27. More Than a Woman,12. What a Wonderful World,43. (I've Had) The Time of My Life,40. Nothing's Gonna Change My Love for You,16. Dream a Little Dream of Me,42. I Wanna Dance with Somebody
233,17,39,37. I Just Called To Say I Love You,2. Can't Help Falling in Love,39. Cheri Cheri Lady,8. Unchained Melody,9. When a Man Loves a Woman,22. Mamma Mia,12. What a Wonderful World,17. I Say a Little Prayer,11. Can't Take My Eyes Off You
234,11,43,"5. Oh, Pretty Woman ",8. Unchained Melody,11. Can't Take My Eyes Off You,21. Burning Love,6. Everybody Loves Somebody,43. (I've Had) The Time of My Life,15. Hey Jude,17. I Say a Little Prayer,4. Be My Baby
235,26,41,19. Imagine,27. More Than a Woman,29. Crazy Little Thing Called Love,6. Everybody Loves Somebody,26. Wonderful Tonight,9. When a Man Loves a Woman,33. Time After Time,31. Every Breath You Take,41. Kiss
236,20,42,11. Can't Take My Eyes Off You,31. Every Breath You Take,9. When a Man Loves a Woman,42. I Wanna Dance with Somebody,6. Everybody Loves Somebody,17. I Say a Little Prayer,14. Ain't No Mountain High Enough,"5. Oh, Pretty Woman ",20. Ain't No Sunshine
237,28,37,28. You're the One That I Want,19. Imagine,9. When a Man Loves a Woman,35. Still Loving You,37. I Just Called To Say I Love You,16. Dream a Little Dream of Me,2. Can't Help Falling in Love,3. Stand By Me,33. Time After Time
238,26,36,36. Purple Rain,13. Happy Together,20. Ain't No Sunshine,11. Can't Take My Eyes Off You,30. Just the Two of Us,29. Crazy Little Thing Called Love,18. Sweet Caroline (Live),26. Wonderful Tonight,"5. Oh, Pretty Woman "
239,34,43,6. Everybody Loves Somebody,43. (I've Had) The Time of My Life,7. LOVE,10. Wouldn't It Be Nice,18. Sweet Caroline (Live),35. Still Loving You,34. Smooth Operator,9. When a Man Loves a Woman,25. Don't Go Breaking My Heart
240,37,46,35. Still Loving You,42. I Wanna Dance with Somebody,6. Everybody Loves Somebody,37. I Just Called To Say I Love You,38. Take on Me,8. Unchained Melody,11. Can't Take My Eyes Off You,1. At Last,46. Poison
241,10,33,31. Every Breath You Take,15. Hey Jude,3. Stand By Me,33. Time After Time,12. What a Wonderful World,9. When a Man Loves a Woman,17. I Say a Little Prayer,29. Crazy Little Thing Called Love,10. Wouldn't It Be Nice
242,32,41,41. Kiss,40. Nothing's Gonna Change My Love for You,33. Time After Time,4. Be My Baby,32. Total Eclipse of the Heart,11. Can't Take My Eyes Off You,8. Unchained Melody,27. More Than a Woman,37. I Just Called To Say I Love You
243,12,30,27. More Than a Woman,12. What a Wonderful World,30. Just the Two of Us,13. Happy Together,7. LOVE,21. Burning Love,23. Fernando,2. Can't Help Falling in Love,9. When a Man Loves a Woman
244,23,45,17. I Say a Little Prayer,34. Smooth Operator,6. Everybody Loves Somebody,37. I Just Called To Say I Love You,35. Still Loving You,23. Fernando,26. Wonderful Tonight,45. I Just Can't Stop Loving You,8. Unchained Melody
245,7,37,17. I Say a Little Prayer,4. Be My Baby,11. Can't Take My Eyes Off You,34. Smooth Operator,7. LOVE,21. Burning Love,3. Stand By Me,1. At Last,37. I Just Called To Say I Love You
246,33,45,45. I Just Can't Stop Loving You,42. I Wanna Dance with Somebody,7. LOVE,21. Burning Love,33. Time After Time,17. I Say a Little Prayer,9. When a Man Loves a Woman,40. Nothing's Gonna Change My Love for You,35. Still Loving You
247,21,42,30. Just the Two of Us,32. Total Eclipse of the Heart,12. What a Wonderful World,25. Don't Go Breaking My Heart,42. I Wanna Dance with Somebody,20. Ain't No Sunshine,15. Hey Jude,35. Still Loving You,21. Burning Love
248,30,45,2. Can't Help Falling in Love,40. Nothing's Gonna Change My Love for You,45. I Just Can't Stop Loving You,8. Unchained Melody,36. Purple Rain,7. LOVE,30. Just the Two of Us,"5. Oh, Pretty Woman ",35. Still Loving You
249,24,46,19. Imagine,24. Somebody To Love,8. Unchained Melody,39. Cheri Cheri Lady,37. I Just Called To Say I Love You,40. Nothing's Gonna Change My Love for You,46. Poison,35. Still Loving You,31. Every Breath You Take
250,22,43,23. Fernando,13. Happy Together,24. Somebody To Love,6. Everybody Loves Somebody,22. Mamma Mia,43. (I've Had) The Time of My Life,26. Wonderful Tonight,15. Hey Jude,25. Don't Go Breaking My Heart
251,22,41,41. Kiss,15. Hey Jude,39. Cheri Cheri Lady,10. Wouldn't It Be Nice,18. Sweet Caroline (Live),22. Mamma Mia,30. Just the Two of Us,28. You're the One That I Want,35. Still Loving You
252,22,40,35. Still Loving You,40. Nothing's Gonna Change My Love for You,25. Don't Go Breaking My Heart,8. Unchained Melody,36. Purple Rain,"5. Oh, Pretty Woman ",2. Can't Help Falling in Love,19. Imagine,22. Mamma Mia
253,21,38,13. Happy Together,21. Burning Love,22. Mamma Mia,7. LOVE,6. Everybody Loves Somebody,38. Take on Me,29. Crazy Little Thing Called Love,20. Ain't No Sunshine,14. Ain't No Mountain High Enough
254,16,44,37. I Just Called To Say I Love You,13. Happy Together,44. The Way You Make Me Feel,16. Dream a Little Dream of Me,10. Wouldn't It Be Nice,6. Everybody Loves Somebody,43. (I've Had) The Time of My Life,20. Ain't No Sunshine,4. Be My Baby
255,26,45,16. Dream a Little Dream of Me,26. Wonderful Tonight,45. I Just Can't Stop Loving You,42. I Wanna Dance with Somebody,18. Sweet Caroline (Live),19. Imagine,43. (I've Had) The Time of My Life,24. Somebody To Love,4. Be My Baby
256,23,40,23. Fernando,15. Hey Jude,17. I Say a Little Prayer,12. What a Wonderful World,3. Stand By Me,30. Just the Two of Us,31. Every Breath You Take,36. Purple Rain,40. Nothing's Gonna Change My Love for You
257,32,45,24. Somebody To Love,32. Total Eclipse of the Heart,10. Wouldn't It Be Nice,45. I Just Can't Stop Loving You,35. Still Loving You,26. Wonderful Tonight,42. I Wanna Dance with Somebody,11. Can't Take My Eyes Off You,37. I Just Called To Say I Love You
258,8,42,11. Can't Take My Eyes Off You,8. Unchained Melody,13. Happy Together,29. Crazy Little Thing Called Love,3. Stand By Me,32. Total Eclipse of the Heart,34. Smooth Operator,4. Be My Baby,42. I Wanna Dance with Somebody
259,29,43,16. Dream a Little Dream of Me,38. Take on Me,18. Sweet Caroline (Live),27. More Than a Woman,25. Don't Go Breaking My Heart,36. Purple Rain,29. Crazy Little Thing Called Love,43. (I've Had) The Time of My Life,12. What a Wonderful World
260,13,41,29. Crazy Little Thing Called Love,6. Everybody Loves Somebody,30. Just the Two of Us,"5. Oh, Pretty Woman ",10. Wouldn't It Be Nice,20. Ain't No Sunshine,41. Kiss,13. Happy Together,19. Imagine
261,29,42,13. Happy Together,11. Can't Take My Eyes Off You,33. Time After Time,42. I Wanna Dance with Somebody,20. Ain't No Sunshine,23. Fernando,18. Sweet Caroline (Live),29. Crazy Little Thing Called Love,41. Kiss
262,19,45,23. Fernando,19. Imagine,45. I Just Can't Stop Loving You,34. Smooth Operator,2. Can't Help Falling in Love,15. Hey Jude,38. Take on Me,10. Wouldn't It Be Nice,"5. Oh, Pretty Woman "
263,25,42,39. Cheri Cheri Lady,42. I Wanna Dance with Somebody,14. Ain't No Mountain High Enough,31. Every Breath You Take,26. Wonderful Tonight,41. Kiss,6. Everybody Loves Somebody,21. Burning Love,25. Don't Go Breaking My Heart
264,7,44,6. Everybody Loves Somebody,13. Happy Together,33. Time After Time,7. LOVE,18. Sweet Caroline (Live),44. The Way You Make Me Feel,4. Be My Baby,32. Total Eclipse of the Heart,41. Kiss
265,32,45,9. When a Man Loves a Woman,32. Total Eclipse of the Heart,12. What a Wonderful World,41. Kiss,8. Unchained Melody,45. I Just Can't Stop Loving You,1. At Last,40. Nothing's Gonna Change My Love for You,30. Just the Two of Us
266,21,38,4. Be My Baby,7. LOVE,23. Fernando,21. Burning Love,12. What a Wonderful World,18. Sweet Caroline (Live),15. Hey Jude,35. Still Loving You,38. Take on Me
267,29,40,40. Nothing's Gonna Change My Love for You,1. At Last,36. Purple Rain,19. Imagine,29. Crazy Little Thing Called Love,6. Everybody Loves Somebody,39. Cheri Cheri Lady,35. Still Loving You,37. I Just Called To Say I Love You
268,27,43,43. (I've Had) The Time of My Life,17. I Say a Little Prayer,16. Dream a Little Dream of Me,25. Don't Go Breaking My Heart,22. Mamma Mia,34. Smooth Operator,42. I Wanna Dance with Somebody,27. More Than a Woman,28. You're the One That I Want
269,41,45,20. Ain't No Sunshine,45. I Just Can't Stop Loving You,33. Time After Time,41. Kiss,23. Fernando,10. Wouldn't It Be Nice,24. Somebody To Love,16. Dream a Little Dream of Me,42. I Wanna Dance with Somebody
270,20,45,7. LOVE,2. Can't Help Falling in Love,20. Ain't No Sunshine,38. Take on Me,33. Time After Time,36. Purple Rain,19. Imagine,45. I Just Can't Stop Loving You,3. Stand By Me
271,22,45,3. Stand By Me,24. Somebody To Love,22. Mamma Mia,27. More Than a Woman,39. Cheri Cheri Lady,11. Can't Take My Eyes Off You,33. Time After Time,45. I Just Can't Stop Loving You,12. What a Wonderful World
272,34,46,28. You're the One That I Want,44. The Way You Make Me Feel,46. Poison,39. Cheri Cheri Lady,21. Burning Love,42. I Wanna Dance with Somebody,24. Somebody To Love,34. Smooth Operator,13. Happy Together
273,10,43,7. LOVE,18. Sweet Caroline (Live),21. Burning Love,10. Wouldn't It Be Nice,25. Don't Go Breaking My Heart,42. I Wanna Dance with Somebody,1. At Last,43. (I've Had) The Time of My Life,23. Fernando
274,15,33,23. Fernando,32. Total Eclipse of the Heart,6. Everybody Loves Somebody,15. Hey Jude,2. Can't Help Falling in Love,10. Wouldn't It Be Nice,"5. Oh, Pretty Woman ",24. Somebody To Love,33. Time After Time
275,16,43,26. Wonderful Tonight,37. I Just Called To Say I Love You,21. Burning Love,31. Every Breath You Take,43. (I've Had) The Time of My Life,8. Unchained Melody,1. At Last,16. Dream a Little Dream of Me,3. Stand By Me
276,30,43,12. What a Wonderful World,2. Can't Help Falling in Love,43. (I've Had) The Time of My Life,24. Somebody To Love,13. Happy Together,30. Just the Two of Us,37. I Just Called To Say I Love You,32. Total Eclipse of the Heart,39. Cheri Cheri Lady
277,33,45,38. Take on Me,45. I Just Can't Stop Loving You,8. Unchained Melody,39. Cheri Cheri Lady,30. Just the Two of Us,19. Imagine,7. LOVE,35. Still Loving You,33. Time After Time
278,18,41,2. Can't Help Falling in Love,38. Take on Me,6. Everybody Loves Somebody,41. Kiss,27. More Than a Woman,36. Purple Rain,18. Sweet Caroline (Live),11. Can't Take My Eyes Off You,4. Be My Baby
279,15,42,15. Hey Jude,9. When a Man Loves a Woman,"5. Oh, Pretty Woman ",6. Everybody Loves Somebody,35. Still Loving You,38. Take on Me,40. Nothing's Gonna Change My Love for You,13. Happy Together,42. I Wanna Dance with Somebody
280,11,39,13. Happy Together,11. Can't Take My Eyes Off You,36. Purple Rain,39. Cheri Cheri Lady,7. LOVE,"5. Oh, Pretty Woman ",34. Smooth Operator,8. Unchained Melody,23. Fernando
281,33,44,33. Time After Time,43. (I've Had) The Time of My Life,40. Nothing's Gonna Change My Love for You,12. What a Wonderful World,42. I Wanna Dance with Somebody,15. Hey Jude,29. Crazy Little Thing Called Love,44. The Way You Make Me Feel,21. Burning Love
282,5,45,"5. Oh, Pretty Woman ",21. Burning Love,30. Just the Two of Us,1. At Last,11. Can't Take My Eyes Off You,32. Total Eclipse of the Heart,2. Can't Help Falling in Love,45. I Just Can't Stop Loving You,27. More Than a Woman
283,36,45,1. At Last,45. I Just Can't Stop Loving You,31. Every Breath You Take,38. Take on Me,11. Can't Take My Eyes Off You,36. Purple Rain,13. Happy Together,42. I Wanna Dance with Somebody,7. LOVE
284,24,46,17. I Say a Little Prayer,24. Somebody To Love,19. Imagine,36. Purple Rain,46. Poison,7. LOVE,14. Ain't No Mountain High Enough,31. Every Breath You Take,40. Nothing's Gonna Change My Love for You
285,18,40,38. Take on Me,26. Wonderful Tonight,7. LOVE,40. Nothing's Gonna Change My Love for You,33. Time After Time,15. Hey Jude,8. Unchained Melody,31. Every Breath You Take,18. Sweet Caroline (Live)
286,18,37,4. Be My Baby,18. Sweet Caroline (Live),8. Unchained Melody,35. Still Loving You,37. I Just Called To Say I Love You,7. LOVE,21. Burning Love,32. Total Eclipse of the Heart,29. Crazy Little Thing Called Love
287,15,40,32. Total Eclipse of the Heart,40. Nothing's Gonna Change My Love for You,15. Hey Jude,20. Ain't No Sunshine,31. Every Breath You Take,1. At Last,35. Still Loving You,25. Don't Go Breaking My Heart,8. Unchained Melody
288,17,46,25. Don't Go Breaking My Heart,8. Unchained Melody,34. Smooth Operator,17. I Say a Little Prayer,1. At Last,12. What a Wonderful World,46. Poison,28. You're the One That I Want,24. Somebody To Love
289,36,40,21. Burning Love,24. Somebody To Love,40. Nothing's Gonna Change My Love for You,38. Take on Me,15. Hey Jude,2. Can't Help Falling in Love,"5. Oh, Pretty Woman ",36. Purple Rain,7. LOVE
290,24,45,29. Crazy Little Thing Called Love,35. Still Loving You,26. Wonderful Tonight,45. I Just Can't Stop Loving You,13. Happy Together,39. Cheri Cheri Lady,16. Dream a Little Dream of Me,24. Somebody To Love,17. I Say a Little Prayer
291,29,36,24. Somebody To Love,"5. Oh, Pretty Woman ",36. Purple Rain,10. Wouldn't It Be Nice,34. Smooth Operator,15. Hey Jude,29. Crazy Little Thing Called Love,9. When a Man Loves a Woman,28. You're the One That I Want
292,11,45,2. Can't Help Falling in Love,36. Purple Rain,45. I Just Can't Stop Loving You,11. Can't Take My Eyes Off You,34. Smooth Operator,43. (I've Had) The Time of My Life,3. Stand By Me,40. Nothing's Gonna Change My Love for You,38. Take on Me
293,25,45,38. Take on Me,45. I Just Can't Stop Loving You,32. Total Eclipse of the Heart,24. Somebody To Love,18. Sweet Caroline (Live),34. Smooth Operator,25. Don't Go Breaking My Heart,11. Can't Take My Eyes Off You,"5. Oh, Pretty Woman "
294,18,40,40. Nothing's Gonna Change My Love for You,1. At Last,22. Mamma Mia,18. Sweet Caroline (Live),6. Everybody Loves Somebody,13. Happy Together,12. What a Wonderful World,39. Cheri Cheri Lady,17. I Say a Little Prayer
295,35,44,44. The Way You Make Me Feel,35. Still Loving You,32. Total Eclipse of the Heart,3. Stand By Me,9. When a Man Loves a Woman,40. Nothing's Gonna Change My Love for You,42. I Wanna Dance with Somebody,7. LOVE,10. Wouldn't It Be Nice
296,29,41,27. More Than a Woman,34. Smooth Operator,20. Ain't No Sunshine,13. Happy Together,41. Kiss,38. Take on Me,29. Crazy Little Thing Called Love,33. Time After Time,30. Just the Two of Us
297,15,43,15. Hey Jude,25. Don't Go Breaking My Heart,22. Mamma Mia,2. Can't Help Falling in Love,32. Total Eclipse of the Heart,43. (I've Had) The Time of My Life,12. What a Wonderful World,35. Still Loving You,26. Wonderful Tonight
298,34,44,44. The Way You Make Me Feel,8. Unchained Melody,40. Nothing's Gonna Change My Love for You,34. Smooth Operator,29. Crazy Little Thing Called Love,10. Wouldn't It Be Nice,41. Kiss,38. Take on Me,16. Dream a Little Dream of Me
299,20,42,26. Wonderful Tonight,2. Can't Help Falling in Love,20. Ain't No Sunshine,36. Purple Rain,25. Don't Go Breaking My Heart,8. Unchained Melody,42. I Wanna Dance with Somebody,35. Still Loving You,4. Be My Baby
300,23,42,6. Everybody Loves Somebody,37. I Just Called To Say I Love You,42. I Wanna Dance with Somebody,23. Fernando,35. Still Loving You,2. Can't Help Falling in Love,14. Ain't No Mountain High Enough,24. Somebody To Love,32. Total Eclipse of the Heart
301,18,40,36. Purple Rain,31. Every Breath You Take,16. Dream a Little Dream of Me,22. Mamma Mia,40. Nothing's Gonna Change My Love for You,15. Hey Jude,34. Smooth Operator,37. I Just Called To Say I Love You,18. Sweet Caroline (Live)
302,20,44,44. The Way You Make Me Feel,42. I Wanna Dance with Somebody,24. Somebody To Love,4. Be My Baby,28. You're the One That I Want,8. Unchained Melody,12. What a Wonderful World,7. LOVE,20. Ain't No Sunshine
303,21,45,45. I Just Can't Stop Loving You,7. LOVE,39. Cheri Cheri Lady,11. Can't Take My Eyes Off You,21. Burning Love,20. Ain't No Sunshine,1. At Last,8. Unchained Melody,30. Just the Two of Us
304,32,45,38. Take on Me,4. Be My Baby,45. I Just Can't Stop Loving You,21. Burning Love,43. (I've Had) The Time of My Life,33. Time After Time,8. Unchained Melody,32. Total Eclipse of the Heart,26. Wonderful Tonight
305,16,41,36. Purple Rain,28. You're the One That I Want,16. Dream a Little Dream of Me,18. Sweet Caroline (Live),34. Smooth Operator,9. When a Man Loves a Woman,41. Kiss,11. Can't Take My Eyes Off You,6. Everybody Loves Somebody
306,16,39,19. Imagine,39. Cheri Cheri Lady,12. What a Wonderful World,"5. Oh, Pretty Woman ",16. Dream a Little Dream of Me,4. Be My Baby,3. Stand By Me,28. You're the One That I Want,20. Ain't No Sunshine
307,30,41,30. Just the Two of Us,28. You're the One That I Want,20. Ain't No Sunshine,22. Mamma Mia,41. Kiss,11. Can't Take My Eyes Off You,37. I Just Called To Say I Love You,27. More Than a Woman,33. Time After Time
308,33,46,4. Be My Baby,37. I Just Called To Say I Love You,1. At Last,32. Total Eclipse of the Heart,24. Somebody To Love,33. Time After Time,43. (I've Had) The Time of My Life,28. You're the One That I Want,46. Poison
309,15,46,24. Somebody To Love,46. Poison,17. I Say a Little Prayer,30. Just the Two of Us,16. Dream a Little Dream of Me,27. More Than a Woman,"5. Oh, Pretty Woman ",15. Hey Jude,11. Can't Take My Eyes Off You
310,18,40,7. LOVE,26. Wonderful Tonight,28. You're the One That I Want,9. When a Man Loves a Woman,34. Smooth Operator,10. Wouldn't It Be Nice,18. Sweet Caroline (Live),40. Nothing's Gonna Change My Love for You,20. Ain't No Sunshine
311,32,43,21. Burning Love,32. Total Eclipse of the Heart,18. Sweet Caroline (Live),34. Smooth Operator,41. Kiss,23. Fernando,43. (I've Had) The Time of My Life,24. Somebody To Love,39. Cheri Cheri Lady
312,13,44,43. (I've Had) The Time of My Life,24. Somebody To Love,13. Happy Together,27. More Than a Woman,2. Can't Help Falling in Love,"5. Oh, Pretty Woman ",30. Just the Two of Us,44. The Way You Make Me Feel,7. LOVE
313,35,46,44. The Way You Make Me Feel,19. Imagine,28. You're the One That I Want,1. At Last,35. Still Loving You,39. Cheri Cheri Lady,17. I Say a Little Prayer,20. Ain't No Sunshine,46. Poison
314,17,44,9. When a Man Loves a Woman,17. I Say a Little Prayer,8. Unchained Melody,39. Cheri Cheri Lady,35. Still Loving You,44. The Way You Make Me Feel,25. Don't Go Breaking My Heart,24. Somebody To Love,2. Can't Help Falling in Love
315,34,39,32. Total Eclipse of the Heart,14. Ain't No Mountain High Enough,39. Cheri Cheri Lady,8. Unchained Melody,34. Smooth Operator,31. Every Breath You Take,35. Still Loving You,37. I Just Called To Say I Love You,25. Don't Go Breaking My Heart
316,6,34,18. Sweet Caroline (Live),6. Everybody Loves Somebody,1. At Last,34. Smooth Operator,4. Be My Baby,13. Happy Together,33. Time After Time,"5. Oh, Pretty Woman ",14. Ain't No Mountain High Enough
317,17,45,13. Happy Together,17. I Say a Little Prayer,4. Be My Baby,2. Can't Help Falling in Love,45. I Just Can't Stop Loving You,20. Ain't No Sunshine,19. Imagine,16. Dream a Little Dream of Me,35. Still Loving You
318,19,41,22. Mamma Mia,2. Can't Help Falling in Love,32. Total Eclipse of the Heart,12. What a Wonderful World,16. Dream a Little Dream of Me,27. More Than a Woman,41. Kiss,19. Imagine,11. Can't Take My Eyes Off You
319,30,43,30. Just the Two of Us,16. Dream a Little Dream of Me,11. Can't Take My Eyes Off You,23. Fernando,39. Cheri Cheri Lady,41. Kiss,19. Imagine,43. (I've Had) The Time of My Life,33. Time After Time
320,33,43,13. Happy Together,2. Can't Help Falling in Love,38. Take on Me,20. Ain't No Sunshine,33. Time After Time,10. Wouldn't It Be Nice,43. (I've Had) The Time of My Life,18. Sweet Caroline (Live),19. Imagine
321,31,44,35. Still Loving You,3. Stand By Me,4. Be My Baby,24. Somebody To Love,40. Nothing's Gonna Change My Love for You,31. Every Breath You Take,10. Wouldn't It Be Nice,44. The Way You Make Me Feel,29. Crazy Little Thing Called Love
322,37,44,20. Ain't No Sunshine,37. I Just Called To Say I Love You,1. At Last,21. Burning Love,3. Stand By Me,42. I Wanna Dance with Somebody,44. The Way You Make Me Feel,38. Take on Me,15. Hey Jude
323,27,39,18. Sweet Caroline (Live),39. Cheri Cheri Lady,14. Ain't No Mountain High Enough,13. Happy Together,33. Time After Time,4. Be My Baby,27. More Than a Woman,26. Wonderful Tonight,31. Every Breath You Take
324,18,44,20. Ain't No Sunshine,32. Total Eclipse of the Heart,41. Kiss,23. Fernando,44. The Way You Make Me Feel,4. Be My Baby,18. Sweet Caroline (Live),10. Wouldn't It Be Nice,2. Can't Help Falling in Love
325,27,41,8. Unchained Melody,10. Wouldn't It Be Nice,39. Cheri Cheri Lady,35. Still Loving You,27. More Than a Woman,36. Purple Rain,41. Kiss,21. Burning Love,25. Don't Go Breaking My Heart
326,37,46,37. I Just Called To Say I Love You,18. Sweet Caroline (Live),10. Wouldn't It Be Nice,23. Fernando,40. Nothing's Gonna Change My Love for You,41. Kiss,46. Poison,38. Take on Me,7. LOVE
327,33,46,39. Cheri Cheri Lady,44. The Way You Make Me Feel,46. Poison,22. Mamma Mia,4. Be My Baby,33. Time After Time,14. Ain't No Mountain High Enough,32. Total Eclipse of the Heart,34. Smooth Operator
328,26,34,19. Imagine,34. Smooth Operator,3. Stand By Me,24. Somebody To Love,29. Crazy Little Thing Called Love,12. What a Wonderful World,26. Wonderful Tonight,25. Don't Go Breaking My Heart,31. Every Breath You Take
329,24,42,24. Somebody To Love,34. Smooth Operator,42. I Wanna Dance with Somebody,4. Be My Baby,28. You're the One That I Want,26. Wonderful Tonight,18. Sweet Caroline (Live),14. Ain't No Mountain High Enough,38. Take on Me
330,27,44,9. When a Man Loves a Woman,28. You're the One That I Want,21. Burning Love,27. More Than a Woman,11. Can't Take My Eyes Off You,1. At Last,17. I Say a Little Prayer,35. Still Loving You,44. The Way You Make Me Feel
331,26,32,32. Total Eclipse of the Heart,22. Mamma Mia,29. Crazy Little Thing Called Love,26. Wonderful Tonight,25. Don't Go Breaking My Heart,23. Fernando,24. Somebody To Love,31. Every Breath You Take,13. Happy Together
332,26,38,26. Wonderful Tonight,13. Happy Together,1. At Last,12. What a Wonderful World,31. Every Breath You Take,18. Sweet Caroline (Live),"5. Oh, Pretty Woman ",38. Take on Me,28. You're the One That I Want
333,30,43,30. Just the Two of Us,"5. Oh, Pretty Woman ",10. Wouldn't It Be Nice,12. What a Wonderful World,8. Unchained Melody,31. Every Breath You Take,43. (I've Had) The Time of My Life,34. Smooth Operator,25. Don't Go Breaking My Heart
334,20,42,14. Ain't No Mountain High Enough,42. I Wanna Dance with Somebody,13. Happy Together,39. Cheri Cheri Lady,29. Crazy Little Thing Called Love,20. Ain't No Sunshine,37. I Just Called To Say I Love You,18. Sweet Caroline (Live),6. Everybody Loves Somebody
335,31,46,27. More Than a Woman,1. At Last,36. Purple Rain,46. Poison,26. Wonderful Tonight,12. What a Wonderful World,19. Imagine,31. Every Breath You Take,34. Smooth Operator
336,20,36,13. Happy Together,18. Sweet Caroline (Live),20. Ain't No Sunshine,33. Time After Time,15. Hey Jude,36. Purple Rain,16. Dream a Little Dream of Me,35. Still Loving You,17. I Say a Little Prayer
337,38,43,43. (I've Had) The Time of My Life,14. Ain't No Mountain High Enough,7. LOVE,29. Crazy Little Thing Called Love,38. Take on Me,40. Nothing's Gonna Change My Love for You,8. Unchained Melody,31. Every Breath You Take,39. Cheri Cheri Lady
338,23,39,24. Somebody To Love,11. Can't Take My Eyes Off You,14. Ain't No Mountain High Enough,29. Crazy Little Thing Called Love,20. Ain't No Sunshine,27. More Than a Woman,39. Cheri Cheri Lady,23. Fernando,18. Sweet Caroline (Live)
339,9,43,41. Kiss,19. Imagine,27. More Than a Woman,8. Unchained Melody,9. When a Man Loves a Woman,"5. Oh, Pretty Woman ",29. Crazy Little Thing Called Love,43. (I've Had) The Time of My Life,25. Don't Go Breaking My Heart
340,27,44,43. (I've Had) The Time of My Life,3. Stand By Me,28. You're the One That I Want,11. Can't Take My Eyes Off You,12. What a Wonderful World,27. More Than a Woman,15. Hey Jude,32. Total Eclipse of the Heart,44. The Way You Make Me Feel
341,19,40,40. Nothing's Gonna Change My Love for You,6. Everybody Loves Somebody,38. Take on Me,9. When a Man Loves a Woman,19. Imagine,10. Wouldn't It Be Nice,34. Smooth Operator,21. Burning Love,23. Fernando
342,20,42,12. What a Wonderful World,26. Wonderful Tonight,"5. Oh, Pretty Woman ",36. Purple Rain,27. More Than a Woman,20. Ain't No Sunshine,42. I Wanna Dance with Somebody,29. Crazy Little Thing Called Love,10. Wouldn't It Be Nice
343,22,44,22. Mamma Mia,20. Ain't No Sunshine,44. The Way You Make Me Feel,9. When a Man Loves a Woman,17. I Say a Little Prayer,31. Every Breath You Take,6. Everybody Loves Somebody,23. Fernando,41. Kiss
344,25,37,10. Wouldn't It Be Nice,16. Dream a Little Dream of Me,27. More Than a Woman,19. Imagine,22. Mamma Mia,25. Don't Go Breaking My Heart,37. I Just Called To Say I Love You,33. Time After Time,35. Still Loving You
345,23,43,21. Burning Love,27. More Than a Woman,23. Fernando,40. Nothing's Gonna Change My Love for You,43. (I've Had) The Time of My Life,7. LOVE,35. Still Loving You,28. You're the One That I Want,18. Sweet Caroline (Live)
346,28,45,28. You're the One That I Want,1. At Last,35. Still Loving You,14. Ain't No Mountain High Enough,17. I Say a Little Prayer,45. I Just Can't Stop Loving You,16. Dream a Little Dream of Me,34. Smooth Operator,19. Imagine
347,35,44,19. Imagine,22. Mamma Mia,37. I Just Called To Say I Love You,7. LOVE,18. Sweet Caroline (Live),44. The Way You Make Me Feel,35. Still Loving You,42. I Wanna Dance with Somebody,"5. Oh, Pretty Woman "
348,21,46,3. Stand By Me,"5. Oh, Pretty Woman ",46. Poison,39. Cheri Cheri Lady,36. Purple Rain,12. What a Wonderful World,14. Ain't No Mountain High Enough,4. Be My Baby,21. Burning Love
349,20,45,21. Burning Love,20. Ain't No Sunshine,24. Somebody To Love,25. Don't Go Breaking My Heart,15. Hey Jude,3. Stand By Me,8. Unchained Melody,17. I Say a Little Prayer,45. I Just Can't Stop Loving You
350,13,45,34. Smooth Operator,1. At Last,30. Just the Two of Us,7. LOVE,13. Happy Together,2. Can't Help Falling in Love,37. I Just Called To Say I Love You,39. Cheri Cheri Lady,45. I Just Can't Stop Loving You
351,17,38,38. Take on Me,30. Just the Two of Us,7. LOVE,"5. Oh, Pretty Woman ",8. Unchained Melody,17. I Say a Little Prayer,26. Wonderful Tonight,35. Still Loving You,9. When a Man Loves a Woman
352,17,43,41. Kiss,19. Imagine,27. More Than a Woman,2. Can't Help Falling in Love,17. I Say a Little Prayer,1. At Last,43. (I've Had) The Time of My Life,33. Time After Time,4. Be My Baby
353,12,36,15. Hey Jude,14. Ain't No Mountain High Enough,16. Dream a Little Dream of Me,12. What a Wonderful World,3. Stand By Me,1. At Last,36. Purple Rain,20. Ain't No Sunshine,8. Unchained Melody
354,23,43,23. Fernando,18. Sweet Caroline (Live),11. Can't Take My Eyes Off You,32. Total Eclipse of the Heart,38. Take on Me,29. Crazy Little Thing Called Love,40. Nothing's Gonna Change My Love for You,28. You're the One That I Want,43. (I've Had) The Time of My Life
355,8,43,36. Purple Rain,37. I Just Called To Say I Love You,26. Wonderful Tonight,8. Unchained Melody,1. At Last,2. Can't Help Falling in Love,18. Sweet Caroline (Live),15. Hey Jude,43. (I've Had) The Time of My Life
356,32,45,37. I Just Called To Say I Love You,6. Everybody Loves Somebody,29. Crazy Little Thing Called Love,17. I Say a Little Prayer,32. Total Eclipse of the Heart,8. Unchained Melody,10. Wouldn't It Be Nice,45. I Just Can't Stop Loving You,42. I Wanna Dance with Somebody
357,18,42,13. Happy Together,42. I Wanna Dance with Somebody,19. Imagine,18. Sweet Caroline (Live),41. Kiss,31. Every Breath You Take,11. Can't Take My Eyes Off You,22. Mamma Mia,21. Burning Love
358,28,41,39. Cheri Cheri Lady,36. Purple Rain,33. Time After Time,3. Stand By Me,17. I Say a Little Prayer,28. You're the One That I Want,18. Sweet Caroline (Live),41. Kiss,25. Don't Go Breaking My Heart
359,21,34,6. Everybody Loves Somebody,14. Ain't No Mountain High Enough,31. Every Breath You Take,29. Crazy Little Thing Called Love,21. Burning Love,33. Time After Time,34. Smooth Operator,13. Happy Together,23. Fernando
360,14,42,14. Ain't No Mountain High Enough,24. Somebody To Love,22. Mamma Mia,8. Unchained Melody,42. I Wanna Dance with Somebody,11. Can't Take My Eyes Off You,6. Everybody Loves Somebody,26. Wonderful Tonight,21. Burning Love
361,30,42,41. Kiss,30. Just the Two of Us,24. Somebody To Love,28. You're the One That I Want,7. LOVE,35. Still Loving You,16. Dream a Little Dream of Me,10. Wouldn't It Be Nice,42. I Wanna Dance with Somebody
362,20,45,35. Still Loving You,12. What a Wonderful World,45. I Just Can't Stop Loving You,7. LOVE,6. Everybody Loves Somebody,26. Wonderful Tonight,19. Imagine,20. Ain't No Sunshine,1. At Last
363,24,43,43. (I've Had) The Time of My Life,28. You're the One That I Want,30. Just the Two of Us,7. LOVE,24. Somebody To Love,21. Burning Love,33. Time After Time,13. Happy Together,1. At Last
364,13,44,6. Everybody Loves Somebody,15. Hey Jude,28. You're the One That I Want,25. Don't Go Breaking My Heart,24. Somebody To Love,44. The Way You Make Me Feel,13. Happy Together,9. When a Man Loves a Woman,7. LOVE
365,40,46,46. Poison,3. Stand By Me,27. More Than a Woman,38. Take on Me,44. The Way You Make Me Feel,40. Nothing's Gonna Change My Love for You,43. (I've Had) The Time of My Life,19. Imagine,37. I Just Called To Say I Love You
366,20,31,4. Be My Baby,14. Ain't No Mountain High Enough,25. Don't Go Breaking My Heart,2. Can't Help Falling in Love,9. When a Man Loves a Woman,21. Burning Love,31. Every Breath You Take,20. Ain't No Sunshine,17. I Say a Little Prayer
367,22,46,13. Happy Together,41. Kiss,46. Poison,12. What a Wonderful World,43. (I've Had) The Time of My Life,23. Fernando,22. Mamma Mia,17. I Say a Little Prayer,27. More Than a Woman
368,14,44,7. LOVE,14. Ain't No Mountain High Enough,3. Stand By Me,19. Imagine,39. Cheri Cheri Lady,13. Happy Together,44. The Way You Make Me Feel,21. Burning Love,27. More Than a Woman
369,19,39,4. Be My Baby,18. Sweet Caroline (Live),19. Imagine,21. Burning Love,14. Ain't No Mountain High Enough,39. Cheri Cheri Lady,37. I Just Called To Say I Love You,22. Mamma Mia,"5. Oh, Pretty Woman "
370,40,45,42. I Wanna Dance with Somebody,19. Imagine,3. Stand By Me,9. When a Man Loves a Woman,45. I Just Can't Stop Loving You,26. Wonderful Tonight,20. Ain't No Sunshine,15. Hey Jude,40. Nothing's Gonna Change My Love for You
371,11,45,45. I Just Can't Stop Loving You,34. Smooth Operator,13. Happy Together,1. At Last,11. Can't Take My Eyes Off You,8. Unchained Melody,16. Dream a Little Dream of Me,38. Take on Me,44. The Way You Make Me Feel
372,20,40,39. Cheri Cheri Lady,31. Every Breath You Take,24. Somebody To Love,40. Nothing's Gonna Change My Love for You,13. Happy Together,34. Smooth Operator,9. When a Man Loves a Woman,20. Ain't No Sunshine,19. Imagine
373,30,45,45. I Just Can't Stop Loving You,30. Just the Two of Us,27. More Than a Woman,2. Can't Help Falling in Love,18. Sweet Caroline (Live),31. Every Breath You Take,36. Purple Rain,4. Be My Baby,25. Don't Go Breaking My Heart
374,30,45,42. I Wanna Dance with Somebody,24. Somebody To Love,30. Just the Two of Us,45. I Just Can't Stop Loving You,29. Crazy Little Thing Called Love,22. Mamma Mia,9. When a Man Loves a Woman,43. (I've Had) The Time of My Life,27. More Than a Woman
375,14,45,2. Can't Help Falling in Love,28. You're the One That I Want,9. When a Man Loves a Woman,19. Imagine,24. Somebody To Love,12. What a Wonderful World,45. I Just Can't Stop Loving You,22. Mamma Mia,14. Ain't No Mountain High Enough
376,18,41,17. I Say a Little Prayer,18. Sweet Caroline (Live),6. Everybody Loves Somebody,26. Wonderful Tonight,24. Somebody To Love,33. Time After Time,3. Stand By Me,31. Every Breath You Take,41. Kiss
377,10,37,32. Total Eclipse of the Heart,11. Can't Take My Eyes Off You,37. I Just Called To Say I Love You,10. Wouldn't It Be Nice,2. Can't Help Falling in Love,1. At Last,33. Time After Time,6. Everybody Loves Somebody,30. Just the Two of Us
378,27,43,6. Everybody Loves Somebody,11. Can't Take My Eyes Off You,27. More Than a Woman,33. Time After Time,29. Crazy Little Thing Called Love,7. LOVE,43. (I've Had) The Time of My Life,10. Wouldn't It Be Nice,18. Sweet Caroline (Live)
379,32,42,10. Wouldn't It Be Nice,37. I Just Called To Say I Love You,36. Purple Rain,42. I Wanna Dance with Somebody,14. Ain't No Mountain High Enough,20. Ain't No Sunshine,32. Total Eclipse of the Heart,6. Everybody Loves Somebody,8. Unchained Melody
380,30,44,2. Can't Help Falling in Love,30. Just the Two of Us,33. Time After Time,35. Still Loving You,23. Fernando,27. More Than a Woman,44. The Way You Make Me Feel,24. Somebody To Love,14. Ain't No Mountain High Enough
381,20,44,1. At Last,20. Ain't No Sunshine,7. LOVE,44. The Way You Make Me Feel,21. Burning Love,23. Fernando,19. Imagine,35. Still Loving You,6. Everybody Loves Somebody
382,38,45,40. Nothing's Gonna Change My Love for You,43. (I've Had) The Time of My Life,28. You're the One That I Want,18. Sweet Caroline (Live),38. Take on Me,4. Be My Baby,33. Time After Time,44. The Way You Make Me Feel,45. I Just Can't Stop Loving You
383,21,44,19. Imagine,18. Sweet Caroline (Live),42. I Wanna Dance with Somebody,44. The Way You Make Me Feel,21. Burning Love,16. Dream a Little Dream of Me,3. Stand By Me,8. Unchained Melody,23. Fernando
384,38,45,32. Total Eclipse of the Heart,42. I Wanna Dance with Somebody,41. Kiss,38. Take on Me,30. Just the Two of Us,17. I Say a Little Prayer,12. What a Wonderful World,45. I Just Can't Stop Loving You,15. Hey Jude
385,15,42,28. You're the One That I Want,15. Hey Jude,6. Everybody Loves Somebody,13. Happy Together,4. Be My Baby,37. I Just Called To Say I Love You,3. Stand By Me,2. Can't Help Falling in Love,42. I Wanna Dance with Somebody
386,29,40,29. Crazy Little Thing Called Love,40. Nothing's Gonna Change My Love for You,23. Fernando,1. At Last,12. What a Wonderful World,30. Just the Two of Us,"5. Oh, Pretty Woman ",20. Ain't No Sunshine,32. Total Eclipse of the Heart
387,38,45,27. More Than a Woman,45. I Just Can't Stop Loving You,41. Kiss,38. Take on Me,37. I Just Called To Say I Love You,2. Can't Help Falling in Love,42. I Wanna Dance with Somebody,31. Every Breath You Take,39. Cheri Cheri Lady
388,13,35,22. Mamma Mia,2. Can't Help Falling in Love,24. Somebody To Love,16. Dream a Little Dream of Me,13. Happy Together,32. Total Eclipse of the Heart,35. Still Loving You,3. Stand By Me,33. Time After Time
389,25,46,16. Dream a Little Dream of Me,45. I Just Can't Stop Loving You,11. Can't Take My Eyes Off You,25. Don't Go Breaking My Heart,31. Every Breath You Take,46. Poison,20. Ain't No Sunshine,38. Take on Me,44. The Way You Make Me Feel
390,22,35,29. Crazy Little Thing Called Love,35. Still Loving You,17. I Say a Little Prayer,22. Mamma Mia,21. Burning Love,6. Everybody Loves Somebody,1. At Last,34. Smooth Operator,32. Total Eclipse of the Heart
391,19,35,20. Ain't No Sunshine,28. You're the One That I Want,15. Hey Jude,35. Still Loving You,33. Time After Time,7. LOVE,16. Dream a Little Dream of Me,23. Fernando,19. Imagine
392,22,37,4. Be My Baby,6. Everybody Loves Somebody,37. I Just Called To Say I Love You,20. Ain't No Sunshine,29. Crazy Little Thing Called Love,35. Still Loving You,22. Mamma Mia,18. Sweet Caroline (Live),14. Ain't No Mountain High Enough
393,27,38,30. Just the Two of Us,7. LOVE,34. Smooth Operator,18. Sweet Caroline (Live),12. What a Wonderful World,38. Take on Me,22. Mamma Mia,27. More Than a Woman,32. Total Eclipse of the Heart
394,16,46,16. Dream a Little Dream of Me,15. Hey Jude,6. Everybody Loves Somebody,46. Poison,22. Mamma Mia,19. Imagine,21. Burning Love,"5. Oh, Pretty Woman ",29. Crazy Little Thing Called Love
395,8,46,6. Everybody Loves Somebody,4. Be My Baby,8. Unchained Melody,30. Just the Two of Us,10. Wouldn't It Be Nice,46. Poison,25. Don't Go Breaking My Heart,7. LOVE,14. Ain't No Mountain High Enough
396,30,38,33. Time After Time,22. Mamma Mia,15. Hey Jude,30. Just the Two of Us,12. What a Wonderful World,6. Everybody Loves Somebody,35. Still Loving You,32. Total Eclipse of the Heart,38. Take on Me
397,28,36,28. You're the One That I Want,21. Burning Love,12. What a Wonderful World,15. Hey Jude,36. Purple Rain,26. Wonderful Tonight,14. Ain't No Mountain High Enough,18. Sweet Caroline (Live),31. Every Breath You Take
398,35,42,41. Kiss,38. Take on Me,36. Purple Rain,35. Still Loving You,17. I Say a Little Prayer,19. Imagine,42. I Wanna Dance with Somebody,20. Ain't No Sunshine,34. Smooth Operator
399,33,43,40. Nothing's Gonna Change My Love for You,35. Still Loving You,20. Ain't No Sunshine,28. You're the One That I Want,37. I Just Called To Say I Love You,33. Time After Time,13. Happy Together,43. (I've Had) The Time of My Life,31. Every Breath You Take
400,23,38,23. Fernando,10. Wouldn't It Be Nice,14. Ain't No Mountain High Enough,1. At Last,27. More Than a Woman,6. Everybody Loves Somebody,35. Still Loving You,16. Dream a Little Dream of Me,38. Take on Me
401,28,32,23. Fernando,31. Every Breath You Take,14. Ain't No Mountain High Enough,20. Ain't No Sunshine,11. Can't Take My Eyes Off You,32. Total Eclipse of the Heart,28. You're the One That I Want,19. Imagine,3. Stand By Me
402,30,45,30. Just the Two of Us,28. You're the One That I Want,6. Everybody Loves Somebody,25. Don't Go Breaking My Heart,11. Can't Take My Eyes Off You,38. Take on Me,36. Purple Rain,45. I Just Can't Stop Loving You,4. Be My Baby
403,7,46,41. Kiss,46. Poison,21. Burning Love,22. Mamma Mia,20. Ain't No Sunshine,18. Sweet Caroline (Live),4. Be My Baby,2. Can't Help Falling in Love,7. LOVE
404,22,44,17. I Say a Little Prayer,27. More Than a Woman,22. Mamma Mia,29. Crazy Little Thing Called Love,44. The Way You Make Me Feel,12. What a Wonderful World,18. Sweet Caroline (Live),43. (I've Had) The Time of My Life,4. Be My Baby
405,29,46,"5. Oh, Pretty Woman ",29. Crazy Little Thing Called Love,14. Ain't No Mountain High Enough,10. Wouldn't It Be Nice,20. Ain't No Sunshine,46. Poison,43. (I've Had) The Time of My Life,6. Everybody Loves Somebody,23. Fernando
406,14,33,32. Total Eclipse of the Heart,18. Sweet Caroline (Live),14. Ain't No Mountain High Enough,33. Time After Time,15. Hey Jude,12. What a Wonderful World,2. Can't Help Falling in Love,25. Don't Go Breaking My Heart,9. When a Man Loves a Woman
407,25,43,7. LOVE,12. What a Wonderful World,36. Purple Rain,28. You're the One That I Want,23. Fernando,43. (I've Had) The Time of My Life,29. Crazy Little Thing Called Love,25. Don't Go Breaking My Heart,33. Time After Time
408,16,43,29. Crazy Little Thing Called Love,"5. Oh, Pretty Woman ",43. (I've Had) The Time of My Life,42. I Wanna Dance with Somebody,13. Happy Together,28. You're the One That I Want,25. Don't Go Breaking My Heart,16. Dream a Little Dream of Me,23. Fernando
409,24,46,40. Nothing's Gonna Change My Love for You,30. Just the Two of Us,45. I Just Can't Stop Loving You,36. Purple Rain,46. Poison,35. Still Loving You,24. Somebody To Love,20. Ain't No Sunshine,1. At Last
410,21,32,31. Every Breath You Take,3. Stand By Me,28. You're the One That I Want,32. Total Eclipse of the Heart,21. Burning Love,1. At Last,23. Fernando,20. Ain't No Sunshine,19. Imagine
411,32,40,28. You're the One That I Want,35. Still Loving You,1. At Last,13. Happy Together,11. Can't Take My Eyes Off You,32. Total Eclipse of the Heart,34. Smooth Operator,20. Ain't No Sunshine,40. Nothing's Gonna Change My Love for You
412,10,36,10. Wouldn't It Be Nice,30. Just the Two of Us,31. Every Breath You Take,7. LOVE,36. Purple Rain,14. Ain't No Mountain High Enough,9. When a Man Loves a Woman,"5. Oh, Pretty Woman ",13. Happy Together
413,13,32,32. Total Eclipse of the Heart,31. Every Breath You Take,29. Crazy Little Thing Called Love,23. Fernando,26. Wonderful Tonight,3. Stand By Me,12. What a Wonderful World,10. Wouldn't It Be Nice,13. Happy Together
414,23,45,3. Stand By Me,34. Smooth Operator,8. Unchained Melody,23. Fernando,"5. Oh, Pretty Woman ",16. Dream a Little Dream of Me,45. I Just Can't Stop Loving You,38. Take on Me,28. You're the One That I Want
415,33,37,35. Still Loving You,33. Time After Time,3. Stand By Me,37. I Just Called To Say I Love You,24. Somebody To Love,25. Don't Go Breaking My Heart,1. At Last,7. LOVE,36. Purple Rain
416,27,46,44. The Way You Make Me Feel,27. More Than a Woman,16. Dream a Little Dream of Me,"5. Oh, Pretty Woman ",23. Fernando,40. Nothing's Gonna Change My Love for You,15. Hey Jude,8. Unchained Melody,46. Poison
417,37,45,24. Somebody To Love,35. Still Loving You,37. I Just Called To Say I Love You,43. (I've Had) The Time of My Life,10. Wouldn't It Be Nice,31. Every Breath You Take,12. What a Wonderful World,45. I Just Can't Stop Loving You,32. Total Eclipse of the Heart
418,23,45,7. LOVE,32. Total Eclipse of the Heart,22. Mamma Mia,19. Imagine,28. You're the One That I Want,17. I Say a Little Prayer,23. Fernando,45. I Just Can't Stop Loving You,39. Cheri Cheri Lady
419,33,44,32. Total Eclipse of the Heart,33. Time After Time,8. Unchained Melody,44. The Way You Make Me Feel,29. Crazy Little Thing Called Love,6. Everybody Loves Somebody,31. Every Breath You Take,9. When a Man Loves a Woman,35. Still Loving You
420,22,36,2. Can't Help Falling in Love,10. Wouldn't It Be Nice,22. Mamma Mia,31. Every Breath You Take,36. Purple Rain,14. Ain't No Mountain High Enough,28. You're the One That I Want,13. Happy Together,34. Smooth Operator
421,22,45,22. Mamma Mia,45. I Just Can't Stop Loving You,17. I Say a Little Prayer,11. Can't Take My Eyes Off You,39. Cheri Cheri Lady,24. Somebody To Love,10. Wouldn't It Be Nice,33. Time After Time,2. Can't Help Falling in Love
422,27,45,32. Total Eclipse of the Heart,24. Somebody To Love,37. I Just Called To Say I Love You,21. Burning Love,27. More Than a Woman,28. You're the One That I Want,45. I Just Can't Stop Loving You,18. Sweet Caroline (Live),19. Imagine
423,19,41,41. Kiss,36. Purple Rain,8. Unchained Melody,18. Sweet Caroline (Live),6. Everybody Loves Somebody,39. Cheri Cheri Lady,19. Imagine,9. When a Man Loves a Woman,2. Can't Help Falling in Love
424,20,41,14. Ain't No Mountain High Enough,16. Dream a Little Dream of Me,36. Purple Rain,35. Still Loving You,37. I Just Called To Say I Love You,41. Kiss,7. LOVE,12. What a Wonderful World,20. Ain't No Sunshine
425,17,46,30. Just the Two of Us,46. Poison,20. Ain't No Sunshine,3. Stand By Me,17. I Say a Little Prayer,8. Unchained Melody,33. Time After Time,14. Ain't No Mountain High Enough,39. Cheri Cheri Lady
426,40,45,15. Hey Jude,39. Cheri Cheri Lady,44. The Way You Make Me Feel,14. Ain't No Mountain High Enough,18. Sweet Caroline (Live),43. (I've Had) The Time of My Life,40. Nothing's Gonna Change My Love for You,45. I Just Can't Stop Loving You,16. Dream a Little Dream of Me
427,23,43,36. Purple Rain,38. Take on Me,25. Don't Go Breaking My Heart,14. Ain't No Mountain High Enough,23. Fernando,16. Dream a Little Dream of Me,11. Can't Take My Eyes Off You,3. Stand By Me,43. (I've Had) The Time of My Life
428,12,33,26. Wonderful Tonight,20. Ain't No Sunshine,33. Time After Time,15. Hey Jude,3. Stand By Me,24. Somebody To Love,12. What a Wonderful World,2. Can't Help Falling in Love,9. When a Man Loves a Woman
429,15,41,14. Ain't No Mountain High Enough,41. Kiss,29. Crazy Little Thing Called Love,15. Hey Jude,4. Be My Baby,"5. Oh, Pretty Woman ",11. Can't Take My Eyes Off You,26. Wonderful Tonight,40. Nothing's Gonna Change My Love for You
430,18,38,37. I Just Called To Say I Love You,25. Don't Go Breaking My Heart,14. Ain't No Mountain High Enough,28. You're the One That I Want,21. Burning Love,38. Take on Me,18. Sweet Caroline (Live),10. Wouldn't It Be Nice,"5. Oh, Pretty Woman "
431,22,44,17. I Say a Little Prayer,20. Ain't No Sunshine,22. Mamma Mia,28. You're the One That I Want,32. Total Eclipse of the Heart,9. When a Man Loves a Woman,44. The Way You Make Me Feel,43. (I've Had) The Time of My Life,31. Every Breath You Take
432,33,40,36. Purple Rain,39. Cheri Cheri Lady,26. Wonderful Tonight,2. Can't Help Falling in Love,18. Sweet Caroline (Live),40. Nothing's Gonna Change My Love for You,33. Time After Time,8. Unchained Melody,"5. Oh, Pretty Woman "
433,29,45,18. Sweet Caroline (Live),29. Crazy Little Thing Called Love,25. Don't Go Breaking My Heart,30. Just the Two of Us,45. I Just Can't Stop Loving You,34. Smooth Operator,10. Wouldn't It Be Nice,37. I Just Called To Say I Love You,41. Kiss
434,24,40,19. Imagine,37. I Just Called To Say I Love You,7. LOVE,31. Every Breath You Take,40. Nothing's Gonna Change My Love for You,24. Somebody To Love,27. More Than a Woman,28. You're the One That I Want,17. I Say a Little Prayer
435,26,46,1. At Last,37. I Just Called To Say I Love You,28. You're the One That I Want,3. Stand By Me,46. Poison,17. I Say a Little Prayer,26. Wonderful Tonight,15. Hey Jude,22. Mamma Mia
436,11,34,34. Smooth Operator,10. Wouldn't It Be Nice,20. Ain't No Sunshine,11. Can't Take My Eyes Off You,7. LOVE,8. Unchained Melody,24. Somebody To Love,28. You're the One That I Want,29. Crazy Little Thing Called Love
437,11,42,8. Unchained Melody,27. More Than a Woman,11. Can't Take My Eyes Off You,2. Can't Help Falling in Love,19. Imagine,3. Stand By Me,38. Take on Me,42. I Wanna Dance with Somebody,9. When a Man Loves a Woman
438,23,46,23. Fernando,"5. Oh, Pretty Woman ",19. Imagine,46. Poison,27. More Than a Woman,15. Hey Jude,8. Unchained Melody,43. (I've Had) The Time of My Life,42. I Wanna Dance with Somebody
439,35,45,35. Still Loving You,41. Kiss,32. Total Eclipse of the Heart,20. Ain't No Sunshine,37. I Just Called To Say I Love You,45. I Just Can't Stop Loving You,2. Can't Help Falling in Love,11. Can't Take My Eyes Off You,43. (I've Had) The Time of My Life
440,23,34,19. Imagine,34. Smooth Operator,2. Can't Help Falling in Love,11. Can't Take My Eyes Off You,30. Just the Two of Us,22. Mamma Mia,31. Every Breath You Take,14. Ain't No Mountain High Enough,23. Fernando
441,20,46,2. Can't Help Falling in Love,44. The Way You Make Me Feel,39. Cheri Cheri Lady,"5. Oh, Pretty Woman ",46. Poison,38. Take on Me,20. Ain't No Sunshine,45. I Just Can't Stop Loving You,40. Nothing's Gonna Change My Love for You
442,23,33,3. Stand By Me,28. You're the One That I Want,6. Everybody Loves Somebody,9. When a Man Loves a Woman,17. I Say a Little Prayer,33. Time After Time,23. Fernando,26. Wonderful Tonight,25. Don't Go Breaking My Heart
443,23,45,2. Can't Help Falling in Love,45. I Just Can't Stop Loving You,33. Time After Time,13. Happy Together,9. When a Man Loves a Woman,24. Somebody To Love,23. Fernando,11. Can't Take My Eyes Off You,19. Imagine
444,23,46,28. You're the One That I Want,12. What a Wonderful World,46. Poison,10. Wouldn't It Be Nice,23. Fernando,16. Dream a Little Dream of Me,44. The Way You Make Me Feel,41. Kiss,36. Purple Rain
445,16,35,30. Just the Two of Us,29. Crazy Little Thing Called Love,16. Dream a Little Dream of Me,7. LOVE,25. Don't Go Breaking My Heart,"5. Oh, Pretty Woman ",24. Somebody To Love,35. Still Loving You,6. Everybody Loves Somebody
446,29,46,29. Crazy Little Thing Called Love,25. Don't Go Breaking My Heart,24. Somebody To Love,38. Take on Me,46. Poison,36. Purple Rain,26. Wonderful Tonight,32. Total Eclipse of the Heart,33. Time After Time
447,18,44,1. At Last,7. LOVE,38. Take on Me,18. Sweet Caroline (Live),17. I Say a Little Prayer,44. The Way You Make Me Feel,10. Wouldn't It Be Nice,24. Somebody To Love,28. You're the One That I Want
448,32,46,32. Total Eclipse of the Heart,3. Stand By Me,6. Everybody Loves Somebody,45. I Just Can't Stop Loving You,43. (I've Had) The Time of My Life,46. Poison,12. What a Wonderful World,37. I Just Called To Say I Love You,39. Cheri Cheri Lady
449,34,46,14. Ain't No Mountain High Enough,46. Poison,17. I Say a Little Prayer,34. Smooth Operator,31. Every Breath You Take,44. The Way You Make Me Feel,16. Dream a Little Dream of Me,18. Sweet Caroline (Live),35. Still Loving You
450,22,39,35. Still Loving You,13. Happy Together,39. Cheri Cheri Lady,10. Wouldn't It Be Nice,22. Mamma Mia,27. More Than a Woman,28. You're the One That I Want,3. Stand By Me,29. Crazy Little Thing Called Love
451,28,45,37. I Just Called To Say I Love You,13. Happy Together,38. Take on Me,19. Imagine,28. You're the One That I Want,3. Stand By Me,27. More Than a Woman,45. I Just Can't Stop Loving You,39. Cheri Cheri Lady
452,25,45,23. Fernando,13. Happy Together,43. (I've Had) The Time of My Life,25. Don't Go Breaking My Heart,32. Total Eclipse of the Heart,37. I Just Called To Say I Love You,18. Sweet Caroline (Live),45. I Just Can't Stop Loving You,14. Ain't No Mountain High Enough
453,40,46,40. Nothing's Gonna Change My Love for You,20. Ain't No Sunshine,10. Wouldn't It Be Nice,30. Just the Two of Us,46. Poison,45. I Just Can't Stop Loving You,41. Kiss,8. Unchained Melody,43. (I've Had) The Time of My Life
454,10,44,"5. Oh, Pretty Woman ",17. I Say a Little Prayer,40. Nothing's Gonna Change My Love for You,10. Wouldn't It Be Nice,1. At Last,8. Unchained Melody,31. Every Breath You Take,32. Total Eclipse of the Heart,44. The Way You Make Me Feel
455,30,46,41. Kiss,1. At Last,42. I Wanna Dance with Somebody,43. (I've Had) The Time of My Life,30. Just the Two of Us,20. Ain't No Sunshine,37. I Just Called To Say I Love You,11. Can't Take My Eyes Off You,46. Poison
456,25,42,25. Don't Go Breaking My Heart,26. Wonderful Tonight,32. Total Eclipse of the Heart,6. Everybody Loves Somebody,21. Burning Love,33. Time After Time,12. What a Wonderful World,3. Stand By Me,42. I Wanna Dance with Somebody
457,27,36,36. Purple Rain,13. Happy Together,33. Time After Time,26. Wonderful Tonight,27. More Than a Woman,19. Imagine,30. Just the Two of Us,9. When a Man Loves a Woman,11. Can't Take My Eyes Off You
458,29,43,15. Hey Jude,10. Wouldn't It Be Nice,29. Crazy Little Thing Called Love,34. Smooth Operator,41. Kiss,14. Ain't No Mountain High Enough,43. (I've Had) The Time of My Life,30. Just the Two of Us,7. LOVE
459,17,46,15. Hey Jude,41. Kiss,43. (I've Had) The Time of My Life,46. Poison,35. Still Loving You,32. Total Eclipse of the Heart,14. Ain't No Mountain High Enough,17. I Say a Little Prayer,2. Can't Help Falling in Love
460,29,37,37. I Just Called To Say I Love You,2. Can't Help Falling in Love,27. More Than a Woman,35. Still Loving You,23. Fernando,33. Time After Time,8. Unchained Melody,29. Crazy Little Thing Called Love,20. Ain't No Sunshine
461,19,43,13. Happy Together,31. Every Breath You Take,43. (I've Had) The Time of My Life,9. When a Man Loves a Woman,8. Unchained Melody,32. Total Eclipse of the Heart,19. Imagine,"5. Oh, Pretty Woman ",16. Dream a Little Dream of Me
462,26,40,30. Just the Two of Us,27. More Than a Woman,9. When a Man Loves a Woman,8. Unchained Melody,26. Wonderful Tonight,20. Ain't No Sunshine,6. Everybody Loves Somebody,37. I Just Called To Say I Love You,40. Nothing's Gonna Change My Love for You
463,22,45,13. Happy Together,22. Mamma Mia,21. Burning Love,34. Smooth Operator,2. Can't Help Falling in Love,43. (I've Had) The Time of My Life,8. Unchained Melody,20. Ain't No Sunshine,45. I Just Can't Stop Loving You
464,27,44,19. Imagine,4. Be My Baby,44. The Way You Make Me Feel,41. Kiss,32. Total Eclipse of the Heart,1. At Last,27. More Than a Woman,2. Can't Help Falling in Love,"5. Oh, Pretty Woman "
465,28,38,19. Imagine,28. You're the One That I Want,1. At Last,36. Purple Rain,38. Take on Me,8. Unchained Melody,27. More Than a Woman,18. Sweet Caroline (Live),37. I Just Called To Say I Love You
466,27,46,46. Poison,16. Dream a Little Dream of Me,29. Crazy Little Thing Called Love,26. Wonderful Tonight,1. At Last,44. The Way You Make Me Feel,24. Somebody To Love,27. More Than a Woman,45. I Just Can't Stop Loving You
467,28,41,19. Imagine,8. Unchained Melody,28. You're the One That I Want,41. Kiss,34. Smooth Operator,25. Don't Go Breaking My Heart,12. What a Wonderful World,32. Total Eclipse of the Heart,10. Wouldn't It Be Nice
468,25,46,46. Poison,42. I Wanna Dance with Somebody,25. Don't Go Breaking My Heart,34. Smooth Operator,30. Just the Two of Us,3. Stand By Me,38. Take on Me,11. Can't Take My Eyes Off You,"5. Oh, Pretty Woman "
469,23,38,38. Take on Me,36. Purple Rain,32. Total Eclipse of the Heart,16. Dream a Little Dream of Me,27. More Than a Woman,24. Somebody To Love,13. Happy Together,23. Fernando,14. Ain't No Mountain High Enough
470,23,42,38. Take on Me,8. Unchained Melody,6. Everybody Loves Somebody,29. Crazy Little Thing Called Love,42. I Wanna Dance with Somebody,22. Mamma Mia,14. Ain't No Mountain High Enough,3. Stand By Me,23. Fernando
471,16,45,10. Wouldn't It Be Nice,45. I Just Can't Stop Loving You,42. I Wanna Dance with Somebody,16. Dream a Little Dream of Me,"5. Oh, Pretty Woman ",3. Stand By Me,15. Hey Jude,21. Burning Love,44. The Way You Make Me Feel
472,30,43,15. Hey Jude,41. Kiss,43. (I've Had) The Time of My Life,22. Mamma Mia,32. Total Eclipse of the Heart,20. Ain't No Sunshine,30. Just the Two of Us,38. Take on Me,25. Don't Go Breaking My Heart
473,31,44,25. Don't Go Breaking My Heart,"5. Oh, Pretty Woman ",40. Nothing's Gonna Change My Love for You,31. Every Breath You Take,20. Ain't No Sunshine,8. Unchained Melody,15. Hey Jude,44. The Way You Make Me Feel,10. Wouldn't It Be Nice
474,20,34,17. I Say a Little Prayer,2. Can't Help Falling in Love,20. Ain't No Sunshine,28. You're the One That I Want,34. Smooth Operator,16. Dream a Little Dream of Me,31. Every Breath You Take,23. Fernando,10. Wouldn't It Be Nice
475,30,41,33. Time After Time,30. Just the Two of Us,35. Still Loving You,41. Kiss,18. Sweet Caroline (Live),"5. Oh, Pretty Woman ",38. Take on Me,6. Everybody Loves Somebody,39. Cheri Cheri Lady
476,14,44,14. Ain't No Mountain High Enough,2. Can't Help Falling in Love,10. Wouldn't It Be Nice,44. The Way You Make Me Feel,30. Just the Two of Us,18. Sweet Caroline (Live),8. Unchained Melody,23. Fernando,33. Time After Time
477,20,46,3. Stand By Me,34. Smooth Operator,30. Just the Two of Us,36. Purple Rain,46. Poison,12. What a Wonderful World,13. Happy Together,1. At Last,20. Ain't No Sunshine
478,31,45,31. Every Breath You Take,15. Hey Jude,28. You're the One That I Want,37. I Just Called To Say I Love You,30. Just the Two of Us,1. At Last,16. Dream a Little Dream of Me,45. I Just Can't Stop Loving You,41. Kiss
479,22,38,38. Take on Me,6. Everybody Loves Somebody,25. Don't Go Breaking My Heart,22. Mamma Mia,4. Be My Baby,20. Ain't No Sunshine,30. Just the Two of Us,33. Time After Time,9. When a Man Loves a Woman
480,37,44,44. The Way You Make Me Feel,12. What a Wonderful World,30. Just the Two of Us,40. Nothing's Gonna Change My Love for You,37. I Just Called To Say I Love You,35. Still Loving You,33. Time After Time,34. Smooth Operator,39. Cheri Cheri Lady
481,29,41,13. Happy Together,7. LOVE,41. Kiss,38. Take on Me,35. Still Loving You,30. Just the Two of Us,21. Burning Love,29. Crazy Little Thing Called Love,15. Hey Jude
482,30,37,30. Just the Two of Us,13. Happy Together,23. Fernando,4. Be My Baby,35. Still Loving You,15. Hey Jude,8. Unchained Melody,37. I Just Called To Say I Love You,32. Total Eclipse of the Heart
483,14,44,23. Fernando,44. The Way You Make Me Feel,17. I Say a Little Prayer,7. LOVE,14. Ain't No Mountain High Enough,4. Be My Baby,25. Don't Go Breaking My Heart,31. Every Breath You Take,11. Can't Take My Eyes Off You
484,31,41,31. Every Breath You Take,18. Sweet Caroline (Live),8. Unchained Melody,38. Take on Me,41. Kiss,14. Ain't No Mountain High Enough,24. Somebody To Love,2. Can't Help Falling in Love,34. Smooth Operator
485,36,45,15. Hey Jude,44. The Way You Make Me Feel,19. Imagine,45. I Just Can't Stop Loving You,3. Stand By Me,36. Purple Rain,33. Time After Time,42. I Wanna Dance with Somebody,27. More Than a Woman
486,27,46,4. Be My Baby,45. I Just Can't Stop Loving You,7. LOVE,46. Poison,44. The Way You Make Me Feel,27. More Than a Woman,42. I Wanna Dance with Somebody,8. Unchained Melody,21. Burning Love
487,28,40,21. Burning Love,19. Imagine,28. You're the One That I Want,15. Hey Jude,31. Every Breath You Take,12. What a Wonderful World,40. Nothing's Gonna Change My Love for You,18. Sweet Caroline (Live),6. Everybody Loves Somebody
488,25,32,6. Everybody Loves Somebody,18. Sweet Caroline (Live),25. Don't Go Breaking My Heart,9. When a Man Loves a Woman,32. Total Eclipse of the Heart,17. I Say a Little Prayer,31. Every Breath You Take,14. Ain't No Mountain High Enough,30. Just the Two of Us
489,16,45,37. I Just Called To Say I Love You,25. Don't Go Breaking My Heart,41. Kiss,33. Time After Time,36. Purple Rain,45. I Just Can't Stop Loving You,10. Wouldn't It Be Nice,9. When a Man Loves a Woman,16. Dream a Little Dream of Me
490,25,43,16. Dream a Little Dream of Me,20. Ain't No Sunshine,31. Every Breath You Take,40. Nothing's Gonna Change My Love for You,17. I Say a Little Prayer,43. (I've Had) The Time of My Life,8. Unchained Melody,25. Don't Go Breaking My Heart,30. Just the Two of Us
491,23,40,14. Ain't No Mountain High Enough,23. Fernando,9. When a Man Loves a Woman,36. Purple Rain,2. Can't Help Falling in Love,10. Wouldn't It Be Nice,19. Imagine,40. Nothing's Gonna Change My Love for You,38. Take on Me
492,21,44,21. Burning Love,20. Ain't No Sunshine,12. What a Wonderful World,1. At Last,44. The Way You Make Me Feel,34. Smooth Operator,22. Mamma Mia,37. I Just Called To Say I Love You,39. Cheri Cheri Lady
493,27,42,12. What a Wonderful World,8. Unchained Melody,40. Nothing's Gonna Change My Love for You,42. I Wanna Dance with Somebody,36. Purple Rain,25. Don't Go Breaking My Heart,11. Can't Take My Eyes Off You,21. Burning Love,27. More Than a Woman
494,10,46,7. LOVE,15. Hey Jude,42. I Wanna Dance with Somebody,10. Wouldn't It Be Nice,46. Poison,35. Still Loving You,8. Unchained Melody,40. Nothing's Gonna Change My Love for You,20. Ain't No Sunshine
495,30,42,24. Somebody To Love,11. Can't Take My Eyes Off You,30. Just the Two of Us,32. Total Eclipse of the Heart,7. LOVE,25. Don't Go Breaking My Heart,42. I Wanna Dance with Somebody,37. I Just Called To Say I Love You,23. Fernando
496,25,45,33. Time After Time,25. Don't Go Breaking My Heart,37. I Just Called To Say I Love You,16. Dream a Little Dream of Me,19. Imagine,45. I Just Can't Stop Loving You,31. Every Breath You Take,22. Mamma Mia,14. Ain't No Mountain High Enough
497,28,43,17. I Say a Little Prayer,35. Still Loving You,14. Ain't No Mountain High Enough,28. You're the One That I Want,42. I Wanna Dance with Somebody,37. I Just Called To Say I Love You,10. Wouldn't It Be Nice,31. Every Breath You Take,43. (I've Had) The Time of My Life
498,28,43,17. I Say a Little Prayer,32. Total Eclipse of the Heart,19. Imagine,23. Fernando,42. I Wanna Dance with Somebody,43. (I've Had) The Time of My Life,28. You're the One That I Want,33. Time After Time,39. Cheri Cheri Lady
499,18,38,38. Take on Me,31. Every Breath You Take,18. Sweet Caroline (Live),24. Somebody To Love,12. What a Wonderful World,2. Can't Help Falling in Love,29. Crazy Little Thing Called Love,21. Burning Love,16. Dream a Little Dream of Me
500,30,36,30. Just the Two of Us,11. Can't Take My Eyes Off You,1. At Last,33. Time After Time,29. Crazy Little Thing Called Love,23. Fernando,15. Hey Jude,34. Smooth Operator,36. Purple Rain
